
*** Running vivado
    with args -log design_1_wrapper.vds -m64 -product Vivado -mode batch -messageDb vivado.pb -notrace -source design_1_wrapper.tcl



****** Vivado v2022.2 (64-bit)
  **** SW Build 3671981 on Fri Oct 14 05:00:03 MDT 2022
  **** IP Build 3669848 on Fri Oct 14 08:30:02 MDT 2022
    ** Copyright 1986-2022 Xilinx, Inc. All Rights Reserved.

source design_1_wrapper.tcl -notrace
create_project: Time (s): cpu = 00:00:06 ; elapsed = 00:00:06 . Memory (MB): peak = 394.141 ; gain = 67.883
INFO: [IP_Flow 19-234] Refreshing IP repositories
INFO: [IP_Flow 19-1700] Loaded user IP repository 'f:/Repository/Vivado/SoC/sum'.
INFO: [IP_Flow 19-2313] Loaded Vivado IP repository 'F:/Xilinx/Vivado/2022.2/data/ip'.
Command: read_checkpoint -auto_incremental -incremental F:/Repository/Vivado/SoC/Sum-IP/Sum-IP.srcs/utils_1/imports/synth_1/design_1_wrapper.dcp
INFO: [Vivado 12-5825] Read reference checkpoint from F:/Repository/Vivado/SoC/Sum-IP/Sum-IP.srcs/utils_1/imports/synth_1/design_1_wrapper.dcp for incremental synthesis
INFO: [Vivado 12-7989] Please ensure there are no constraint changes
Command: synth_design -top design_1_wrapper -part xck26-sfvc784-2LV-c
Starting synth_design
Attempting to get a license for feature 'Synthesis' and/or device 'xck26'
INFO: [Common 17-349] Got license for feature 'Synthesis' and/or device 'xck26'
INFO: [Device 21-403] Loading part xck26-sfvc784-2LV-c
INFO: [Designutils 20-5440] No compile time benefit to using incremental synthesis; A full resynthesis will be run
INFO: [Designutils 20-4379] Flow is switching to default flow due to incremental criteria not met. If you would like to alter this behaviour and have the flow terminate instead, please set the following parameter config_implementation {autoIncr.Synth.RejectBehavior Terminate}
INFO: [Synth 8-7079] Multithreading enabled for synth_design using a maximum of 2 processes.
INFO: [Synth 8-7078] Launching helper process for spawning children vivado processes
INFO: [Synth 8-7075] Helper process launched with PID 21648
INFO: [Synth 8-11241] undeclared symbol 'REGCCE', assumed default net type 'wire' [F:/Xilinx/Vivado/2022.2/data/verilog/src/unimacro/BRAM_SINGLE_MACRO.v:2170]
INFO: [Synth 8-11241] undeclared symbol 'dp_audi_ref_clk', assumed default net type 'wire' [f:/Repository/Vivado/SoC/Sum-IP/Sum-IP.gen/sources_1/bd/design_1/ip/design_1_zynq_ultra_ps_e_0_0/hdl/zynq_ultra_ps_e_v3_4_1.v:2470]
---------------------------------------------------------------------------------
Starting RTL Elaboration : Time (s): cpu = 00:00:12 ; elapsed = 00:00:12 . Memory (MB): peak = 1799.078 ; gain = 332.566
---------------------------------------------------------------------------------
INFO: [Synth 8-6157] synthesizing module 'design_1_wrapper' [f:/Repository/Vivado/SoC/Sum-IP/Sum-IP.gen/sources_1/bd/design_1/hdl/design_1_wrapper.v:12]
INFO: [Synth 8-6157] synthesizing module 'design_1' [f:/Repository/Vivado/SoC/Sum-IP/Sum-IP.gen/sources_1/bd/design_1/synth/design_1.v:12]
INFO: [Synth 8-6157] synthesizing module 'design_1_MY_IP_v1_0_S00_AXI_0_0' [f:/Repository/Vivado/SoC/Sum-IP/Sum-IP.gen/sources_1/bd/design_1/ip/design_1_MY_IP_v1_0_S00_AXI_0_0/synth/design_1_MY_IP_v1_0_S00_AXI_0_0.v:53]
INFO: [Synth 8-6157] synthesizing module 'MY_IP_v1_0_S00_AXI' [f:/Repository/Vivado/SoC/Sum-IP/Sum-IP.gen/sources_1/bd/design_1/ipshared/5082/sum.srcs/sources_1/new/myip_v1_0_S00_AXI.v:6]
INFO: [Synth 8-226] default block is never used [f:/Repository/Vivado/SoC/Sum-IP/Sum-IP.gen/sources_1/bd/design_1/ipshared/5082/sum.srcs/sources_1/new/myip_v1_0_S00_AXI.v:234]
INFO: [Synth 8-226] default block is never used [f:/Repository/Vivado/SoC/Sum-IP/Sum-IP.gen/sources_1/bd/design_1/ipshared/5082/sum.srcs/sources_1/new/myip_v1_0_S00_AXI.v:375]
INFO: [Synth 8-6157] synthesizing module 'compute' [f:/Repository/Vivado/SoC/Sum-IP/Sum-IP.gen/sources_1/bd/design_1/ipshared/5082/sum.srcs/sources_1/new/compute.v:7]
INFO: [Synth 8-6157] synthesizing module 'sum' [f:/Repository/Vivado/SoC/Sum-IP/Sum-IP.gen/sources_1/bd/design_1/ipshared/5082/sum.srcs/sources_1/new/sum.v:23]
INFO: [Synth 8-6155] done synthesizing module 'sum' (0#1) [f:/Repository/Vivado/SoC/Sum-IP/Sum-IP.gen/sources_1/bd/design_1/ipshared/5082/sum.srcs/sources_1/new/sum.v:23]
INFO: [Synth 8-6155] done synthesizing module 'compute' (0#1) [f:/Repository/Vivado/SoC/Sum-IP/Sum-IP.gen/sources_1/bd/design_1/ipshared/5082/sum.srcs/sources_1/new/compute.v:7]
WARNING: [Synth 8-689] width (32) of port connection 'douta_o' does not match port width (10) of module 'compute' [f:/Repository/Vivado/SoC/Sum-IP/Sum-IP.gen/sources_1/bd/design_1/ipshared/5082/sum.srcs/sources_1/new/myip_v1_0_S00_AXI.v:486]
INFO: [Synth 8-6155] done synthesizing module 'MY_IP_v1_0_S00_AXI' (0#1) [f:/Repository/Vivado/SoC/Sum-IP/Sum-IP.gen/sources_1/bd/design_1/ipshared/5082/sum.srcs/sources_1/new/myip_v1_0_S00_AXI.v:6]
INFO: [Synth 8-6155] done synthesizing module 'design_1_MY_IP_v1_0_S00_AXI_0_0' (0#1) [f:/Repository/Vivado/SoC/Sum-IP/Sum-IP.gen/sources_1/bd/design_1/ip/design_1_MY_IP_v1_0_S00_AXI_0_0/synth/design_1_MY_IP_v1_0_S00_AXI_0_0.v:53]
INFO: [Synth 8-6157] synthesizing module 'design_1_ps8_0_axi_periph_0' [f:/Repository/Vivado/SoC/Sum-IP/Sum-IP.gen/sources_1/bd/design_1/synth/design_1.v:326]
INFO: [Synth 8-6157] synthesizing module 'm00_couplers_imp_QJIMLI' [f:/Repository/Vivado/SoC/Sum-IP/Sum-IP.gen/sources_1/bd/design_1/synth/design_1.v:986]
INFO: [Synth 8-6155] done synthesizing module 'm00_couplers_imp_QJIMLI' (0#1) [f:/Repository/Vivado/SoC/Sum-IP/Sum-IP.gen/sources_1/bd/design_1/synth/design_1.v:986]
INFO: [Synth 8-6157] synthesizing module 's00_couplers_imp_1A7ZMW4' [f:/Repository/Vivado/SoC/Sum-IP/Sum-IP.gen/sources_1/bd/design_1/synth/design_1.v:1132]
INFO: [Synth 8-6157] synthesizing module 'design_1_auto_ds_0' [f:/Repository/Vivado/SoC/Sum-IP/Sum-IP.gen/sources_1/bd/design_1/ip/design_1_auto_ds_0/synth/design_1_auto_ds_0.v:53]
INFO: [Synth 8-6157] synthesizing module 'axi_dwidth_converter_v2_1_27_top' [f:/Repository/Vivado/SoC/Sum-IP/Sum-IP.gen/sources_1/bd/design_1/ipshared/4675/hdl/axi_dwidth_converter_v2_1_vlsyn_rfs.v:14461]
INFO: [Synth 8-6157] synthesizing module 'axi_dwidth_converter_v2_1_27_axi_downsizer' [f:/Repository/Vivado/SoC/Sum-IP/Sum-IP.gen/sources_1/bd/design_1/ipshared/4675/hdl/axi_dwidth_converter_v2_1_vlsyn_rfs.v:2379]
INFO: [Synth 8-6157] synthesizing module 'axi_dwidth_converter_v2_1_27_b_downsizer' [f:/Repository/Vivado/SoC/Sum-IP/Sum-IP.gen/sources_1/bd/design_1/ipshared/4675/hdl/axi_dwidth_converter_v2_1_vlsyn_rfs.v:1250]
INFO: [Synth 8-6155] done synthesizing module 'axi_dwidth_converter_v2_1_27_b_downsizer' (0#1) [f:/Repository/Vivado/SoC/Sum-IP/Sum-IP.gen/sources_1/bd/design_1/ipshared/4675/hdl/axi_dwidth_converter_v2_1_vlsyn_rfs.v:1250]
INFO: [Synth 8-6157] synthesizing module 'axi_dwidth_converter_v2_1_27_a_downsizer' [f:/Repository/Vivado/SoC/Sum-IP/Sum-IP.gen/sources_1/bd/design_1/ipshared/4675/hdl/axi_dwidth_converter_v2_1_vlsyn_rfs.v:63]
INFO: [Synth 8-6157] synthesizing module 'axi_data_fifo_v2_1_26_axic_fifo' [f:/Repository/Vivado/SoC/Sum-IP/Sum-IP.gen/sources_1/bd/design_1/ipshared/3111/hdl/axi_data_fifo_v2_1_vl_rfs.v:63]
INFO: [Synth 8-6157] synthesizing module 'axi_data_fifo_v2_1_26_fifo_gen' [f:/Repository/Vivado/SoC/Sum-IP/Sum-IP.gen/sources_1/bd/design_1/ipshared/3111/hdl/axi_data_fifo_v2_1_vl_rfs.v:167]
INFO: [Synth 8-6157] synthesizing module 'xpm_cdc_async_rst' [F:/Xilinx/Vivado/2022.2/data/ip/xpm/xpm_cdc/hdl/xpm_cdc.sv:1174]
INFO: [Synth 8-6155] done synthesizing module 'xpm_cdc_async_rst' (0#1) [F:/Xilinx/Vivado/2022.2/data/ip/xpm/xpm_cdc/hdl/xpm_cdc.sv:1174]
INFO: [Synth 8-6155] done synthesizing module 'axi_data_fifo_v2_1_26_fifo_gen' (0#1) [f:/Repository/Vivado/SoC/Sum-IP/Sum-IP.gen/sources_1/bd/design_1/ipshared/3111/hdl/axi_data_fifo_v2_1_vl_rfs.v:167]
INFO: [Synth 8-6155] done synthesizing module 'axi_data_fifo_v2_1_26_axic_fifo' (0#1) [f:/Repository/Vivado/SoC/Sum-IP/Sum-IP.gen/sources_1/bd/design_1/ipshared/3111/hdl/axi_data_fifo_v2_1_vl_rfs.v:63]
INFO: [Synth 8-6157] synthesizing module 'axi_data_fifo_v2_1_26_axic_fifo__parameterized0' [f:/Repository/Vivado/SoC/Sum-IP/Sum-IP.gen/sources_1/bd/design_1/ipshared/3111/hdl/axi_data_fifo_v2_1_vl_rfs.v:63]
INFO: [Synth 8-6157] synthesizing module 'axi_data_fifo_v2_1_26_fifo_gen__parameterized0' [f:/Repository/Vivado/SoC/Sum-IP/Sum-IP.gen/sources_1/bd/design_1/ipshared/3111/hdl/axi_data_fifo_v2_1_vl_rfs.v:167]
INFO: [Synth 8-6155] done synthesizing module 'axi_data_fifo_v2_1_26_fifo_gen__parameterized0' (0#1) [f:/Repository/Vivado/SoC/Sum-IP/Sum-IP.gen/sources_1/bd/design_1/ipshared/3111/hdl/axi_data_fifo_v2_1_vl_rfs.v:167]
INFO: [Synth 8-6155] done synthesizing module 'axi_data_fifo_v2_1_26_axic_fifo__parameterized0' (0#1) [f:/Repository/Vivado/SoC/Sum-IP/Sum-IP.gen/sources_1/bd/design_1/ipshared/3111/hdl/axi_data_fifo_v2_1_vl_rfs.v:63]
INFO: [Synth 8-6155] done synthesizing module 'axi_dwidth_converter_v2_1_27_a_downsizer' (0#1) [f:/Repository/Vivado/SoC/Sum-IP/Sum-IP.gen/sources_1/bd/design_1/ipshared/4675/hdl/axi_dwidth_converter_v2_1_vlsyn_rfs.v:63]
INFO: [Synth 8-6157] synthesizing module 'axi_dwidth_converter_v2_1_27_w_downsizer' [f:/Repository/Vivado/SoC/Sum-IP/Sum-IP.gen/sources_1/bd/design_1/ipshared/4675/hdl/axi_dwidth_converter_v2_1_vlsyn_rfs.v:2015]
INFO: [Synth 8-6155] done synthesizing module 'axi_dwidth_converter_v2_1_27_w_downsizer' (0#1) [f:/Repository/Vivado/SoC/Sum-IP/Sum-IP.gen/sources_1/bd/design_1/ipshared/4675/hdl/axi_dwidth_converter_v2_1_vlsyn_rfs.v:2015]
INFO: [Synth 8-6157] synthesizing module 'axi_dwidth_converter_v2_1_27_a_downsizer__parameterized0' [f:/Repository/Vivado/SoC/Sum-IP/Sum-IP.gen/sources_1/bd/design_1/ipshared/4675/hdl/axi_dwidth_converter_v2_1_vlsyn_rfs.v:63]
INFO: [Synth 8-6155] done synthesizing module 'axi_dwidth_converter_v2_1_27_a_downsizer__parameterized0' (0#1) [f:/Repository/Vivado/SoC/Sum-IP/Sum-IP.gen/sources_1/bd/design_1/ipshared/4675/hdl/axi_dwidth_converter_v2_1_vlsyn_rfs.v:63]
INFO: [Synth 8-6157] synthesizing module 'axi_dwidth_converter_v2_1_27_r_downsizer' [f:/Repository/Vivado/SoC/Sum-IP/Sum-IP.gen/sources_1/bd/design_1/ipshared/4675/hdl/axi_dwidth_converter_v2_1_vlsyn_rfs.v:1532]
INFO: [Synth 8-6155] done synthesizing module 'axi_dwidth_converter_v2_1_27_r_downsizer' (0#1) [f:/Repository/Vivado/SoC/Sum-IP/Sum-IP.gen/sources_1/bd/design_1/ipshared/4675/hdl/axi_dwidth_converter_v2_1_vlsyn_rfs.v:1532]
INFO: [Synth 8-6155] done synthesizing module 'axi_dwidth_converter_v2_1_27_axi_downsizer' (0#1) [f:/Repository/Vivado/SoC/Sum-IP/Sum-IP.gen/sources_1/bd/design_1/ipshared/4675/hdl/axi_dwidth_converter_v2_1_vlsyn_rfs.v:2379]
INFO: [Synth 8-6155] done synthesizing module 'axi_dwidth_converter_v2_1_27_top' (0#1) [f:/Repository/Vivado/SoC/Sum-IP/Sum-IP.gen/sources_1/bd/design_1/ipshared/4675/hdl/axi_dwidth_converter_v2_1_vlsyn_rfs.v:14461]
INFO: [Synth 8-6155] done synthesizing module 'design_1_auto_ds_0' (0#1) [f:/Repository/Vivado/SoC/Sum-IP/Sum-IP.gen/sources_1/bd/design_1/ip/design_1_auto_ds_0/synth/design_1_auto_ds_0.v:53]
INFO: [Synth 8-6157] synthesizing module 'design_1_auto_pc_0' [f:/Repository/Vivado/SoC/Sum-IP/Sum-IP.gen/sources_1/bd/design_1/ip/design_1_auto_pc_0/synth/design_1_auto_pc_0.v:53]
INFO: [Synth 8-6157] synthesizing module 'axi_protocol_converter_v2_1_27_axi_protocol_converter' [f:/Repository/Vivado/SoC/Sum-IP/Sum-IP.gen/sources_1/bd/design_1/ipshared/aeb3/hdl/axi_protocol_converter_v2_1_vl_rfs.v:4807]
INFO: [Synth 8-6157] synthesizing module 'axi_protocol_converter_v2_1_27_b2s' [f:/Repository/Vivado/SoC/Sum-IP/Sum-IP.gen/sources_1/bd/design_1/ipshared/aeb3/hdl/axi_protocol_converter_v2_1_vl_rfs.v:4225]
INFO: [Synth 8-6157] synthesizing module 'axi_protocol_converter_v2_1_27_b2s_aw_channel' [f:/Repository/Vivado/SoC/Sum-IP/Sum-IP.gen/sources_1/bd/design_1/ipshared/aeb3/hdl/axi_protocol_converter_v2_1_vl_rfs.v:3970]
INFO: [Synth 8-6157] synthesizing module 'axi_protocol_converter_v2_1_27_b2s_cmd_translator' [f:/Repository/Vivado/SoC/Sum-IP/Sum-IP.gen/sources_1/bd/design_1/ipshared/aeb3/hdl/axi_protocol_converter_v2_1_vl_rfs.v:3463]
INFO: [Synth 8-6157] synthesizing module 'axi_protocol_converter_v2_1_27_b2s_incr_cmd' [f:/Repository/Vivado/SoC/Sum-IP/Sum-IP.gen/sources_1/bd/design_1/ipshared/aeb3/hdl/axi_protocol_converter_v2_1_vl_rfs.v:3091]
INFO: [Synth 8-6155] done synthesizing module 'axi_protocol_converter_v2_1_27_b2s_incr_cmd' (0#1) [f:/Repository/Vivado/SoC/Sum-IP/Sum-IP.gen/sources_1/bd/design_1/ipshared/aeb3/hdl/axi_protocol_converter_v2_1_vl_rfs.v:3091]
INFO: [Synth 8-6157] synthesizing module 'axi_protocol_converter_v2_1_27_b2s_wrap_cmd' [f:/Repository/Vivado/SoC/Sum-IP/Sum-IP.gen/sources_1/bd/design_1/ipshared/aeb3/hdl/axi_protocol_converter_v2_1_vl_rfs.v:2901]
INFO: [Synth 8-6155] done synthesizing module 'axi_protocol_converter_v2_1_27_b2s_wrap_cmd' (0#1) [f:/Repository/Vivado/SoC/Sum-IP/Sum-IP.gen/sources_1/bd/design_1/ipshared/aeb3/hdl/axi_protocol_converter_v2_1_vl_rfs.v:2901]
INFO: [Synth 8-6155] done synthesizing module 'axi_protocol_converter_v2_1_27_b2s_cmd_translator' (0#1) [f:/Repository/Vivado/SoC/Sum-IP/Sum-IP.gen/sources_1/bd/design_1/ipshared/aeb3/hdl/axi_protocol_converter_v2_1_vl_rfs.v:3463]
INFO: [Synth 8-6157] synthesizing module 'axi_protocol_converter_v2_1_27_b2s_wr_cmd_fsm' [f:/Repository/Vivado/SoC/Sum-IP/Sum-IP.gen/sources_1/bd/design_1/ipshared/aeb3/hdl/axi_protocol_converter_v2_1_vl_rfs.v:3223]
INFO: [Synth 8-226] default block is never used [f:/Repository/Vivado/SoC/Sum-IP/Sum-IP.gen/sources_1/bd/design_1/ipshared/aeb3/hdl/axi_protocol_converter_v2_1_vl_rfs.v:3277]
INFO: [Synth 8-6155] done synthesizing module 'axi_protocol_converter_v2_1_27_b2s_wr_cmd_fsm' (0#1) [f:/Repository/Vivado/SoC/Sum-IP/Sum-IP.gen/sources_1/bd/design_1/ipshared/aeb3/hdl/axi_protocol_converter_v2_1_vl_rfs.v:3223]
INFO: [Synth 8-6155] done synthesizing module 'axi_protocol_converter_v2_1_27_b2s_aw_channel' (0#1) [f:/Repository/Vivado/SoC/Sum-IP/Sum-IP.gen/sources_1/bd/design_1/ipshared/aeb3/hdl/axi_protocol_converter_v2_1_vl_rfs.v:3970]
INFO: [Synth 8-6157] synthesizing module 'axi_protocol_converter_v2_1_27_b2s_b_channel' [f:/Repository/Vivado/SoC/Sum-IP/Sum-IP.gen/sources_1/bd/design_1/ipshared/aeb3/hdl/axi_protocol_converter_v2_1_vl_rfs.v:3605]
INFO: [Synth 8-6157] synthesizing module 'axi_protocol_converter_v2_1_27_b2s_simple_fifo' [f:/Repository/Vivado/SoC/Sum-IP/Sum-IP.gen/sources_1/bd/design_1/ipshared/aeb3/hdl/axi_protocol_converter_v2_1_vl_rfs.v:2815]
INFO: [Synth 8-6155] done synthesizing module 'axi_protocol_converter_v2_1_27_b2s_simple_fifo' (0#1) [f:/Repository/Vivado/SoC/Sum-IP/Sum-IP.gen/sources_1/bd/design_1/ipshared/aeb3/hdl/axi_protocol_converter_v2_1_vl_rfs.v:2815]
INFO: [Synth 8-6157] synthesizing module 'axi_protocol_converter_v2_1_27_b2s_simple_fifo__parameterized0' [f:/Repository/Vivado/SoC/Sum-IP/Sum-IP.gen/sources_1/bd/design_1/ipshared/aeb3/hdl/axi_protocol_converter_v2_1_vl_rfs.v:2815]
INFO: [Synth 8-6155] done synthesizing module 'axi_protocol_converter_v2_1_27_b2s_simple_fifo__parameterized0' (0#1) [f:/Repository/Vivado/SoC/Sum-IP/Sum-IP.gen/sources_1/bd/design_1/ipshared/aeb3/hdl/axi_protocol_converter_v2_1_vl_rfs.v:2815]
INFO: [Synth 8-6155] done synthesizing module 'axi_protocol_converter_v2_1_27_b2s_b_channel' (0#1) [f:/Repository/Vivado/SoC/Sum-IP/Sum-IP.gen/sources_1/bd/design_1/ipshared/aeb3/hdl/axi_protocol_converter_v2_1_vl_rfs.v:3605]
INFO: [Synth 8-6157] synthesizing module 'axi_protocol_converter_v2_1_27_b2s_ar_channel' [f:/Repository/Vivado/SoC/Sum-IP/Sum-IP.gen/sources_1/bd/design_1/ipshared/aeb3/hdl/axi_protocol_converter_v2_1_vl_rfs.v:4081]
INFO: [Synth 8-6157] synthesizing module 'axi_protocol_converter_v2_1_27_b2s_rd_cmd_fsm' [f:/Repository/Vivado/SoC/Sum-IP/Sum-IP.gen/sources_1/bd/design_1/ipshared/aeb3/hdl/axi_protocol_converter_v2_1_vl_rfs.v:3333]
INFO: [Synth 8-226] default block is never used [f:/Repository/Vivado/SoC/Sum-IP/Sum-IP.gen/sources_1/bd/design_1/ipshared/aeb3/hdl/axi_protocol_converter_v2_1_vl_rfs.v:3395]
INFO: [Synth 8-6155] done synthesizing module 'axi_protocol_converter_v2_1_27_b2s_rd_cmd_fsm' (0#1) [f:/Repository/Vivado/SoC/Sum-IP/Sum-IP.gen/sources_1/bd/design_1/ipshared/aeb3/hdl/axi_protocol_converter_v2_1_vl_rfs.v:3333]
INFO: [Synth 8-6155] done synthesizing module 'axi_protocol_converter_v2_1_27_b2s_ar_channel' (0#1) [f:/Repository/Vivado/SoC/Sum-IP/Sum-IP.gen/sources_1/bd/design_1/ipshared/aeb3/hdl/axi_protocol_converter_v2_1_vl_rfs.v:4081]
INFO: [Synth 8-6157] synthesizing module 'axi_protocol_converter_v2_1_27_b2s_r_channel' [f:/Repository/Vivado/SoC/Sum-IP/Sum-IP.gen/sources_1/bd/design_1/ipshared/aeb3/hdl/axi_protocol_converter_v2_1_vl_rfs.v:3810]
INFO: [Synth 8-6157] synthesizing module 'axi_protocol_converter_v2_1_27_b2s_simple_fifo__parameterized1' [f:/Repository/Vivado/SoC/Sum-IP/Sum-IP.gen/sources_1/bd/design_1/ipshared/aeb3/hdl/axi_protocol_converter_v2_1_vl_rfs.v:2815]
INFO: [Synth 8-6155] done synthesizing module 'axi_protocol_converter_v2_1_27_b2s_simple_fifo__parameterized1' (0#1) [f:/Repository/Vivado/SoC/Sum-IP/Sum-IP.gen/sources_1/bd/design_1/ipshared/aeb3/hdl/axi_protocol_converter_v2_1_vl_rfs.v:2815]
INFO: [Synth 8-6157] synthesizing module 'axi_protocol_converter_v2_1_27_b2s_simple_fifo__parameterized2' [f:/Repository/Vivado/SoC/Sum-IP/Sum-IP.gen/sources_1/bd/design_1/ipshared/aeb3/hdl/axi_protocol_converter_v2_1_vl_rfs.v:2815]
INFO: [Synth 8-6155] done synthesizing module 'axi_protocol_converter_v2_1_27_b2s_simple_fifo__parameterized2' (0#1) [f:/Repository/Vivado/SoC/Sum-IP/Sum-IP.gen/sources_1/bd/design_1/ipshared/aeb3/hdl/axi_protocol_converter_v2_1_vl_rfs.v:2815]
INFO: [Synth 8-6155] done synthesizing module 'axi_protocol_converter_v2_1_27_b2s_r_channel' (0#1) [f:/Repository/Vivado/SoC/Sum-IP/Sum-IP.gen/sources_1/bd/design_1/ipshared/aeb3/hdl/axi_protocol_converter_v2_1_vl_rfs.v:3810]
INFO: [Synth 8-6157] synthesizing module 'axi_register_slice_v2_1_27_axi_register_slice' [f:/Repository/Vivado/SoC/Sum-IP/Sum-IP.gen/sources_1/bd/design_1/ipshared/f0b4/hdl/axi_register_slice_v2_1_vl_rfs.v:3725]
INFO: [Synth 8-6157] synthesizing module 'axi_infrastructure_v1_1_0_axi2vector' [f:/Repository/Vivado/SoC/Sum-IP/Sum-IP.gen/sources_1/bd/design_1/ipshared/ec67/hdl/axi_infrastructure_v1_1_vl_rfs.v:59]
INFO: [Synth 8-6155] done synthesizing module 'axi_infrastructure_v1_1_0_axi2vector' (0#1) [f:/Repository/Vivado/SoC/Sum-IP/Sum-IP.gen/sources_1/bd/design_1/ipshared/ec67/hdl/axi_infrastructure_v1_1_vl_rfs.v:59]
INFO: [Synth 8-6157] synthesizing module 'axi_infrastructure_v1_1_0_vector2axi' [f:/Repository/Vivado/SoC/Sum-IP/Sum-IP.gen/sources_1/bd/design_1/ipshared/ec67/hdl/axi_infrastructure_v1_1_vl_rfs.v:473]
INFO: [Synth 8-6155] done synthesizing module 'axi_infrastructure_v1_1_0_vector2axi' (0#1) [f:/Repository/Vivado/SoC/Sum-IP/Sum-IP.gen/sources_1/bd/design_1/ipshared/ec67/hdl/axi_infrastructure_v1_1_vl_rfs.v:473]
INFO: [Synth 8-6157] synthesizing module 'axi_register_slice_v2_1_27_axic_register_slice' [f:/Repository/Vivado/SoC/Sum-IP/Sum-IP.gen/sources_1/bd/design_1/ipshared/f0b4/hdl/axi_register_slice_v2_1_vl_rfs.v:1497]
INFO: [Synth 8-6155] done synthesizing module 'axi_register_slice_v2_1_27_axic_register_slice' (0#1) [f:/Repository/Vivado/SoC/Sum-IP/Sum-IP.gen/sources_1/bd/design_1/ipshared/f0b4/hdl/axi_register_slice_v2_1_vl_rfs.v:1497]
INFO: [Synth 8-6157] synthesizing module 'axi_register_slice_v2_1_27_axic_register_slice__parameterized0' [f:/Repository/Vivado/SoC/Sum-IP/Sum-IP.gen/sources_1/bd/design_1/ipshared/f0b4/hdl/axi_register_slice_v2_1_vl_rfs.v:1497]
INFO: [Synth 8-6155] done synthesizing module 'axi_register_slice_v2_1_27_axic_register_slice__parameterized0' (0#1) [f:/Repository/Vivado/SoC/Sum-IP/Sum-IP.gen/sources_1/bd/design_1/ipshared/f0b4/hdl/axi_register_slice_v2_1_vl_rfs.v:1497]
INFO: [Synth 8-6157] synthesizing module 'axi_register_slice_v2_1_27_axic_register_slice__parameterized1' [f:/Repository/Vivado/SoC/Sum-IP/Sum-IP.gen/sources_1/bd/design_1/ipshared/f0b4/hdl/axi_register_slice_v2_1_vl_rfs.v:1497]
INFO: [Synth 8-6155] done synthesizing module 'axi_register_slice_v2_1_27_axic_register_slice__parameterized1' (0#1) [f:/Repository/Vivado/SoC/Sum-IP/Sum-IP.gen/sources_1/bd/design_1/ipshared/f0b4/hdl/axi_register_slice_v2_1_vl_rfs.v:1497]
INFO: [Synth 8-6157] synthesizing module 'axi_register_slice_v2_1_27_axic_register_slice__parameterized2' [f:/Repository/Vivado/SoC/Sum-IP/Sum-IP.gen/sources_1/bd/design_1/ipshared/f0b4/hdl/axi_register_slice_v2_1_vl_rfs.v:1497]
INFO: [Synth 8-6155] done synthesizing module 'axi_register_slice_v2_1_27_axic_register_slice__parameterized2' (0#1) [f:/Repository/Vivado/SoC/Sum-IP/Sum-IP.gen/sources_1/bd/design_1/ipshared/f0b4/hdl/axi_register_slice_v2_1_vl_rfs.v:1497]
INFO: [Synth 8-6155] done synthesizing module 'axi_register_slice_v2_1_27_axi_register_slice' (0#1) [f:/Repository/Vivado/SoC/Sum-IP/Sum-IP.gen/sources_1/bd/design_1/ipshared/f0b4/hdl/axi_register_slice_v2_1_vl_rfs.v:3725]
WARNING: [Synth 8-7071] port 'aclk2x' of module 'axi_register_slice_v2_1_27_axi_register_slice' is unconnected for instance 'SI_REG' [f:/Repository/Vivado/SoC/Sum-IP/Sum-IP.gen/sources_1/bd/design_1/ipshared/aeb3/hdl/axi_protocol_converter_v2_1_vl_rfs.v:4392]
WARNING: [Synth 8-7023] instance 'SI_REG' of module 'axi_register_slice_v2_1_27_axi_register_slice' has 93 connections declared, but only 92 given [f:/Repository/Vivado/SoC/Sum-IP/Sum-IP.gen/sources_1/bd/design_1/ipshared/aeb3/hdl/axi_protocol_converter_v2_1_vl_rfs.v:4392]
INFO: [Synth 8-6157] synthesizing module 'axi_register_slice_v2_1_27_axi_register_slice__parameterized0' [f:/Repository/Vivado/SoC/Sum-IP/Sum-IP.gen/sources_1/bd/design_1/ipshared/f0b4/hdl/axi_register_slice_v2_1_vl_rfs.v:3725]
INFO: [Synth 8-6157] synthesizing module 'axi_infrastructure_v1_1_0_axi2vector__parameterized0' [f:/Repository/Vivado/SoC/Sum-IP/Sum-IP.gen/sources_1/bd/design_1/ipshared/ec67/hdl/axi_infrastructure_v1_1_vl_rfs.v:59]
INFO: [Synth 8-6155] done synthesizing module 'axi_infrastructure_v1_1_0_axi2vector__parameterized0' (0#1) [f:/Repository/Vivado/SoC/Sum-IP/Sum-IP.gen/sources_1/bd/design_1/ipshared/ec67/hdl/axi_infrastructure_v1_1_vl_rfs.v:59]
INFO: [Synth 8-6157] synthesizing module 'axi_infrastructure_v1_1_0_vector2axi__parameterized0' [f:/Repository/Vivado/SoC/Sum-IP/Sum-IP.gen/sources_1/bd/design_1/ipshared/ec67/hdl/axi_infrastructure_v1_1_vl_rfs.v:473]
INFO: [Synth 8-6155] done synthesizing module 'axi_infrastructure_v1_1_0_vector2axi__parameterized0' (0#1) [f:/Repository/Vivado/SoC/Sum-IP/Sum-IP.gen/sources_1/bd/design_1/ipshared/ec67/hdl/axi_infrastructure_v1_1_vl_rfs.v:473]
INFO: [Synth 8-6157] synthesizing module 'axi_register_slice_v2_1_27_axic_register_slice__parameterized3' [f:/Repository/Vivado/SoC/Sum-IP/Sum-IP.gen/sources_1/bd/design_1/ipshared/f0b4/hdl/axi_register_slice_v2_1_vl_rfs.v:1497]
INFO: [Synth 8-6155] done synthesizing module 'axi_register_slice_v2_1_27_axic_register_slice__parameterized3' (0#1) [f:/Repository/Vivado/SoC/Sum-IP/Sum-IP.gen/sources_1/bd/design_1/ipshared/f0b4/hdl/axi_register_slice_v2_1_vl_rfs.v:1497]
INFO: [Synth 8-6157] synthesizing module 'axi_register_slice_v2_1_27_axic_register_slice__parameterized4' [f:/Repository/Vivado/SoC/Sum-IP/Sum-IP.gen/sources_1/bd/design_1/ipshared/f0b4/hdl/axi_register_slice_v2_1_vl_rfs.v:1497]
INFO: [Synth 8-6155] done synthesizing module 'axi_register_slice_v2_1_27_axic_register_slice__parameterized4' (0#1) [f:/Repository/Vivado/SoC/Sum-IP/Sum-IP.gen/sources_1/bd/design_1/ipshared/f0b4/hdl/axi_register_slice_v2_1_vl_rfs.v:1497]
INFO: [Synth 8-6157] synthesizing module 'axi_register_slice_v2_1_27_axic_register_slice__parameterized5' [f:/Repository/Vivado/SoC/Sum-IP/Sum-IP.gen/sources_1/bd/design_1/ipshared/f0b4/hdl/axi_register_slice_v2_1_vl_rfs.v:1497]
INFO: [Synth 8-6155] done synthesizing module 'axi_register_slice_v2_1_27_axic_register_slice__parameterized5' (0#1) [f:/Repository/Vivado/SoC/Sum-IP/Sum-IP.gen/sources_1/bd/design_1/ipshared/f0b4/hdl/axi_register_slice_v2_1_vl_rfs.v:1497]
INFO: [Synth 8-6157] synthesizing module 'axi_register_slice_v2_1_27_axic_register_slice__parameterized6' [f:/Repository/Vivado/SoC/Sum-IP/Sum-IP.gen/sources_1/bd/design_1/ipshared/f0b4/hdl/axi_register_slice_v2_1_vl_rfs.v:1497]
INFO: [Synth 8-6155] done synthesizing module 'axi_register_slice_v2_1_27_axic_register_slice__parameterized6' (0#1) [f:/Repository/Vivado/SoC/Sum-IP/Sum-IP.gen/sources_1/bd/design_1/ipshared/f0b4/hdl/axi_register_slice_v2_1_vl_rfs.v:1497]
INFO: [Synth 8-6155] done synthesizing module 'axi_register_slice_v2_1_27_axi_register_slice__parameterized0' (0#1) [f:/Repository/Vivado/SoC/Sum-IP/Sum-IP.gen/sources_1/bd/design_1/ipshared/f0b4/hdl/axi_register_slice_v2_1_vl_rfs.v:3725]
WARNING: [Synth 8-7071] port 'aclk2x' of module 'axi_register_slice_v2_1_27_axi_register_slice' is unconnected for instance 'MI_REG' [f:/Repository/Vivado/SoC/Sum-IP/Sum-IP.gen/sources_1/bd/design_1/ipshared/aeb3/hdl/axi_protocol_converter_v2_1_vl_rfs.v:4647]
WARNING: [Synth 8-7023] instance 'MI_REG' of module 'axi_register_slice_v2_1_27_axi_register_slice' has 93 connections declared, but only 92 given [f:/Repository/Vivado/SoC/Sum-IP/Sum-IP.gen/sources_1/bd/design_1/ipshared/aeb3/hdl/axi_protocol_converter_v2_1_vl_rfs.v:4647]
INFO: [Synth 8-6155] done synthesizing module 'axi_protocol_converter_v2_1_27_b2s' (0#1) [f:/Repository/Vivado/SoC/Sum-IP/Sum-IP.gen/sources_1/bd/design_1/ipshared/aeb3/hdl/axi_protocol_converter_v2_1_vl_rfs.v:4225]
INFO: [Synth 8-6155] done synthesizing module 'axi_protocol_converter_v2_1_27_axi_protocol_converter' (0#1) [f:/Repository/Vivado/SoC/Sum-IP/Sum-IP.gen/sources_1/bd/design_1/ipshared/aeb3/hdl/axi_protocol_converter_v2_1_vl_rfs.v:4807]
INFO: [Synth 8-6155] done synthesizing module 'design_1_auto_pc_0' (0#1) [f:/Repository/Vivado/SoC/Sum-IP/Sum-IP.gen/sources_1/bd/design_1/ip/design_1_auto_pc_0/synth/design_1_auto_pc_0.v:53]
INFO: [Synth 8-6155] done synthesizing module 's00_couplers_imp_1A7ZMW4' (0#1) [f:/Repository/Vivado/SoC/Sum-IP/Sum-IP.gen/sources_1/bd/design_1/synth/design_1.v:1132]
INFO: [Synth 8-6157] synthesizing module 's01_couplers_imp_KGUFR9' [f:/Repository/Vivado/SoC/Sum-IP/Sum-IP.gen/sources_1/bd/design_1/synth/design_1.v:1542]
INFO: [Synth 8-6157] synthesizing module 'design_1_auto_ds_1' [f:/Repository/Vivado/SoC/Sum-IP/Sum-IP.gen/sources_1/bd/design_1/ip/design_1_auto_ds_1/synth/design_1_auto_ds_1.v:53]
INFO: [Synth 8-6155] done synthesizing module 'design_1_auto_ds_1' (0#1) [f:/Repository/Vivado/SoC/Sum-IP/Sum-IP.gen/sources_1/bd/design_1/ip/design_1_auto_ds_1/synth/design_1_auto_ds_1.v:53]
INFO: [Synth 8-6157] synthesizing module 'design_1_auto_pc_1' [f:/Repository/Vivado/SoC/Sum-IP/Sum-IP.gen/sources_1/bd/design_1/ip/design_1_auto_pc_1/synth/design_1_auto_pc_1.v:53]
INFO: [Synth 8-6155] done synthesizing module 'design_1_auto_pc_1' (0#1) [f:/Repository/Vivado/SoC/Sum-IP/Sum-IP.gen/sources_1/bd/design_1/ip/design_1_auto_pc_1/synth/design_1_auto_pc_1.v:53]
INFO: [Synth 8-6155] done synthesizing module 's01_couplers_imp_KGUFR9' (0#1) [f:/Repository/Vivado/SoC/Sum-IP/Sum-IP.gen/sources_1/bd/design_1/synth/design_1.v:1542]
INFO: [Synth 8-6157] synthesizing module 'design_1_xbar_0' [f:/Repository/Vivado/SoC/Sum-IP/Sum-IP.gen/sources_1/bd/design_1/ip/design_1_xbar_0/synth/design_1_xbar_0.v:53]
INFO: [Synth 8-6157] synthesizing module 'axi_crossbar_v2_1_28_axi_crossbar' [f:/Repository/Vivado/SoC/Sum-IP/Sum-IP.gen/sources_1/bd/design_1/ipshared/c40e/hdl/axi_crossbar_v2_1_vl_rfs.v:4883]
INFO: [Synth 8-6157] synthesizing module 'axi_crossbar_v2_1_28_crossbar_sasd' [f:/Repository/Vivado/SoC/Sum-IP/Sum-IP.gen/sources_1/bd/design_1/ipshared/c40e/hdl/axi_crossbar_v2_1_vl_rfs.v:1239]
INFO: [Synth 8-6157] synthesizing module 'axi_crossbar_v2_1_28_addr_decoder' [f:/Repository/Vivado/SoC/Sum-IP/Sum-IP.gen/sources_1/bd/design_1/ipshared/c40e/hdl/axi_crossbar_v2_1_vl_rfs.v:793]
INFO: [Synth 8-6157] synthesizing module 'generic_baseblocks_v2_1_0_comparator_static' [f:/Repository/Vivado/SoC/Sum-IP/Sum-IP.gen/sources_1/bd/design_1/ipshared/b752/hdl/generic_baseblocks_v2_1_vl_rfs.v:2132]
INFO: [Synth 8-6157] synthesizing module 'generic_baseblocks_v2_1_0_carry_and' [f:/Repository/Vivado/SoC/Sum-IP/Sum-IP.gen/sources_1/bd/design_1/ipshared/b752/hdl/generic_baseblocks_v2_1_vl_rfs.v:61]
INFO: [Synth 8-6155] done synthesizing module 'generic_baseblocks_v2_1_0_carry_and' (0#1) [f:/Repository/Vivado/SoC/Sum-IP/Sum-IP.gen/sources_1/bd/design_1/ipshared/b752/hdl/generic_baseblocks_v2_1_vl_rfs.v:61]
INFO: [Synth 8-6155] done synthesizing module 'generic_baseblocks_v2_1_0_comparator_static' (0#1) [f:/Repository/Vivado/SoC/Sum-IP/Sum-IP.gen/sources_1/bd/design_1/ipshared/b752/hdl/generic_baseblocks_v2_1_vl_rfs.v:2132]
INFO: [Synth 8-6155] done synthesizing module 'axi_crossbar_v2_1_28_addr_decoder' (0#1) [f:/Repository/Vivado/SoC/Sum-IP/Sum-IP.gen/sources_1/bd/design_1/ipshared/c40e/hdl/axi_crossbar_v2_1_vl_rfs.v:793]
INFO: [Synth 8-6157] synthesizing module 'generic_baseblocks_v2_1_0_mux_enc' [f:/Repository/Vivado/SoC/Sum-IP/Sum-IP.gen/sources_1/bd/design_1/ipshared/b752/hdl/generic_baseblocks_v2_1_vl_rfs.v:2451]
INFO: [Synth 8-6155] done synthesizing module 'generic_baseblocks_v2_1_0_mux_enc' (0#1) [f:/Repository/Vivado/SoC/Sum-IP/Sum-IP.gen/sources_1/bd/design_1/ipshared/b752/hdl/generic_baseblocks_v2_1_vl_rfs.v:2451]
INFO: [Synth 8-6157] synthesizing module 'generic_baseblocks_v2_1_0_mux_enc__parameterized0' [f:/Repository/Vivado/SoC/Sum-IP/Sum-IP.gen/sources_1/bd/design_1/ipshared/b752/hdl/generic_baseblocks_v2_1_vl_rfs.v:2451]
INFO: [Synth 8-6155] done synthesizing module 'generic_baseblocks_v2_1_0_mux_enc__parameterized0' (0#1) [f:/Repository/Vivado/SoC/Sum-IP/Sum-IP.gen/sources_1/bd/design_1/ipshared/b752/hdl/generic_baseblocks_v2_1_vl_rfs.v:2451]
INFO: [Synth 8-6157] synthesizing module 'axi_crossbar_v2_1_28_decerr_slave' [f:/Repository/Vivado/SoC/Sum-IP/Sum-IP.gen/sources_1/bd/design_1/ipshared/c40e/hdl/axi_crossbar_v2_1_vl_rfs.v:3500]
INFO: [Synth 8-6155] done synthesizing module 'axi_crossbar_v2_1_28_decerr_slave' (0#1) [f:/Repository/Vivado/SoC/Sum-IP/Sum-IP.gen/sources_1/bd/design_1/ipshared/c40e/hdl/axi_crossbar_v2_1_vl_rfs.v:3500]
INFO: [Synth 8-6157] synthesizing module 'axi_crossbar_v2_1_28_addr_arbiter_sasd' [f:/Repository/Vivado/SoC/Sum-IP/Sum-IP.gen/sources_1/bd/design_1/ipshared/c40e/hdl/axi_crossbar_v2_1_vl_rfs.v:64]
INFO: [Synth 8-6157] synthesizing module 'generic_baseblocks_v2_1_0_mux_enc__parameterized1' [f:/Repository/Vivado/SoC/Sum-IP/Sum-IP.gen/sources_1/bd/design_1/ipshared/b752/hdl/generic_baseblocks_v2_1_vl_rfs.v:2451]
INFO: [Synth 8-6155] done synthesizing module 'generic_baseblocks_v2_1_0_mux_enc__parameterized1' (0#1) [f:/Repository/Vivado/SoC/Sum-IP/Sum-IP.gen/sources_1/bd/design_1/ipshared/b752/hdl/generic_baseblocks_v2_1_vl_rfs.v:2451]
INFO: [Synth 8-6155] done synthesizing module 'axi_crossbar_v2_1_28_addr_arbiter_sasd' (0#1) [f:/Repository/Vivado/SoC/Sum-IP/Sum-IP.gen/sources_1/bd/design_1/ipshared/c40e/hdl/axi_crossbar_v2_1_vl_rfs.v:64]
INFO: [Synth 8-6157] synthesizing module 'axi_crossbar_v2_1_28_splitter' [f:/Repository/Vivado/SoC/Sum-IP/Sum-IP.gen/sources_1/bd/design_1/ipshared/c40e/hdl/axi_crossbar_v2_1_vl_rfs.v:4460]
INFO: [Synth 8-6155] done synthesizing module 'axi_crossbar_v2_1_28_splitter' (0#1) [f:/Repository/Vivado/SoC/Sum-IP/Sum-IP.gen/sources_1/bd/design_1/ipshared/c40e/hdl/axi_crossbar_v2_1_vl_rfs.v:4460]
INFO: [Synth 8-6157] synthesizing module 'axi_crossbar_v2_1_28_splitter__parameterized0' [f:/Repository/Vivado/SoC/Sum-IP/Sum-IP.gen/sources_1/bd/design_1/ipshared/c40e/hdl/axi_crossbar_v2_1_vl_rfs.v:4460]
INFO: [Synth 8-6155] done synthesizing module 'axi_crossbar_v2_1_28_splitter__parameterized0' (0#1) [f:/Repository/Vivado/SoC/Sum-IP/Sum-IP.gen/sources_1/bd/design_1/ipshared/c40e/hdl/axi_crossbar_v2_1_vl_rfs.v:4460]
INFO: [Synth 8-6157] synthesizing module 'generic_baseblocks_v2_1_0_mux_enc__parameterized2' [f:/Repository/Vivado/SoC/Sum-IP/Sum-IP.gen/sources_1/bd/design_1/ipshared/b752/hdl/generic_baseblocks_v2_1_vl_rfs.v:2451]
INFO: [Synth 8-6155] done synthesizing module 'generic_baseblocks_v2_1_0_mux_enc__parameterized2' (0#1) [f:/Repository/Vivado/SoC/Sum-IP/Sum-IP.gen/sources_1/bd/design_1/ipshared/b752/hdl/generic_baseblocks_v2_1_vl_rfs.v:2451]
INFO: [Synth 8-6157] synthesizing module 'axi_register_slice_v2_1_27_axic_register_slice__parameterized7' [f:/Repository/Vivado/SoC/Sum-IP/Sum-IP.gen/sources_1/bd/design_1/ipshared/f0b4/hdl/axi_register_slice_v2_1_vl_rfs.v:1497]
INFO: [Synth 8-6155] done synthesizing module 'axi_register_slice_v2_1_27_axic_register_slice__parameterized7' (0#1) [f:/Repository/Vivado/SoC/Sum-IP/Sum-IP.gen/sources_1/bd/design_1/ipshared/f0b4/hdl/axi_register_slice_v2_1_vl_rfs.v:1497]
INFO: [Synth 8-6157] synthesizing module 'generic_baseblocks_v2_1_0_mux_enc__parameterized3' [f:/Repository/Vivado/SoC/Sum-IP/Sum-IP.gen/sources_1/bd/design_1/ipshared/b752/hdl/generic_baseblocks_v2_1_vl_rfs.v:2451]
INFO: [Synth 8-6155] done synthesizing module 'generic_baseblocks_v2_1_0_mux_enc__parameterized3' (0#1) [f:/Repository/Vivado/SoC/Sum-IP/Sum-IP.gen/sources_1/bd/design_1/ipshared/b752/hdl/generic_baseblocks_v2_1_vl_rfs.v:2451]
INFO: [Synth 8-6155] done synthesizing module 'axi_crossbar_v2_1_28_crossbar_sasd' (0#1) [f:/Repository/Vivado/SoC/Sum-IP/Sum-IP.gen/sources_1/bd/design_1/ipshared/c40e/hdl/axi_crossbar_v2_1_vl_rfs.v:1239]
INFO: [Synth 8-6155] done synthesizing module 'axi_crossbar_v2_1_28_axi_crossbar' (0#1) [f:/Repository/Vivado/SoC/Sum-IP/Sum-IP.gen/sources_1/bd/design_1/ipshared/c40e/hdl/axi_crossbar_v2_1_vl_rfs.v:4883]
INFO: [Synth 8-6155] done synthesizing module 'design_1_xbar_0' (0#1) [f:/Repository/Vivado/SoC/Sum-IP/Sum-IP.gen/sources_1/bd/design_1/ip/design_1_xbar_0/synth/design_1_xbar_0.v:53]
INFO: [Synth 8-6155] done synthesizing module 'design_1_ps8_0_axi_periph_0' (0#1) [f:/Repository/Vivado/SoC/Sum-IP/Sum-IP.gen/sources_1/bd/design_1/synth/design_1.v:326]
INFO: [Synth 8-638] synthesizing module 'design_1_rst_ps8_0_99M_0' [f:/Repository/Vivado/SoC/Sum-IP/Sum-IP.gen/sources_1/bd/design_1/ip/design_1_rst_ps8_0_99M_0/synth/design_1_rst_ps8_0_99M_0.vhd:74]
	Parameter C_FAMILY bound to: zynquplus - type: string 
	Parameter C_EXT_RST_WIDTH bound to: 4 - type: integer 
	Parameter C_AUX_RST_WIDTH bound to: 4 - type: integer 
	Parameter C_EXT_RESET_HIGH bound to: 1'b0 
	Parameter C_AUX_RESET_HIGH bound to: 1'b0 
	Parameter C_NUM_BUS_RST bound to: 1 - type: integer 
	Parameter C_NUM_PERP_RST bound to: 1 - type: integer 
	Parameter C_NUM_INTERCONNECT_ARESETN bound to: 1 - type: integer 
	Parameter C_NUM_PERP_ARESETN bound to: 1 - type: integer 
INFO: [Synth 8-3491] module 'proc_sys_reset' declared at 'f:/Repository/Vivado/SoC/Sum-IP/Sum-IP.gen/sources_1/bd/design_1/ipshared/8842/hdl/proc_sys_reset_v5_0_vh_rfs.vhd:1264' bound to instance 'U0' of component 'proc_sys_reset' [f:/Repository/Vivado/SoC/Sum-IP/Sum-IP.gen/sources_1/bd/design_1/ip/design_1_rst_ps8_0_99M_0/synth/design_1_rst_ps8_0_99M_0.vhd:129]
INFO: [Synth 8-638] synthesizing module 'proc_sys_reset' [f:/Repository/Vivado/SoC/Sum-IP/Sum-IP.gen/sources_1/bd/design_1/ipshared/8842/hdl/proc_sys_reset_v5_0_vh_rfs.vhd:1323]
	Parameter INIT bound to: 1'b1 
INFO: [Synth 8-113] binding component instance 'FDRE_inst' to cell 'FDRE' [f:/Repository/Vivado/SoC/Sum-IP/Sum-IP.gen/sources_1/bd/design_1/ipshared/8842/hdl/proc_sys_reset_v5_0_vh_rfs.vhd:1392]
	Parameter INIT bound to: 1'b1 
INFO: [Synth 8-113] binding component instance 'FDRE_BSR' to cell 'FDRE' [f:/Repository/Vivado/SoC/Sum-IP/Sum-IP.gen/sources_1/bd/design_1/ipshared/8842/hdl/proc_sys_reset_v5_0_vh_rfs.vhd:1408]
	Parameter INIT bound to: 1'b0 
INFO: [Synth 8-113] binding component instance 'FDRE_BSR_N' to cell 'FDRE' [f:/Repository/Vivado/SoC/Sum-IP/Sum-IP.gen/sources_1/bd/design_1/ipshared/8842/hdl/proc_sys_reset_v5_0_vh_rfs.vhd:1434]
	Parameter INIT bound to: 1'b1 
INFO: [Synth 8-113] binding component instance 'FDRE_PER' to cell 'FDRE' [f:/Repository/Vivado/SoC/Sum-IP/Sum-IP.gen/sources_1/bd/design_1/ipshared/8842/hdl/proc_sys_reset_v5_0_vh_rfs.vhd:1457]
	Parameter INIT bound to: 1'b0 
INFO: [Synth 8-113] binding component instance 'FDRE_PER_N' to cell 'FDRE' [f:/Repository/Vivado/SoC/Sum-IP/Sum-IP.gen/sources_1/bd/design_1/ipshared/8842/hdl/proc_sys_reset_v5_0_vh_rfs.vhd:1481]
INFO: [Synth 8-638] synthesizing module 'lpf' [f:/Repository/Vivado/SoC/Sum-IP/Sum-IP.gen/sources_1/bd/design_1/ipshared/8842/hdl/proc_sys_reset_v5_0_vh_rfs.vhd:816]
INFO: [Synth 8-3491] module 'SRL16' declared at 'F:/Xilinx/Vivado/2022.2/scripts/rt/data/unisim_comp.v:131628' bound to instance 'POR_SRL_I' of component 'SRL16' [f:/Repository/Vivado/SoC/Sum-IP/Sum-IP.gen/sources_1/bd/design_1/ipshared/8842/hdl/proc_sys_reset_v5_0_vh_rfs.vhd:868]
INFO: [Synth 8-6157] synthesizing module 'SRL16' [F:/Xilinx/Vivado/2022.2/scripts/rt/data/unisim_comp.v:131628]
INFO: [Synth 8-6155] done synthesizing module 'SRL16' (0#1) [F:/Xilinx/Vivado/2022.2/scripts/rt/data/unisim_comp.v:131628]
INFO: [Synth 8-638] synthesizing module 'cdc_sync' [f:/Repository/Vivado/SoC/Sum-IP/Sum-IP.gen/sources_1/bd/design_1/ipshared/ef1e/hdl/lib_cdc_v1_0_rfs.vhd:106]
	Parameter INIT bound to: 1'b0 
INFO: [Synth 8-113] binding component instance 'CROSS_PLEVEL_IN2SCNDRY_IN_cdc_to' to cell 'FDR' [f:/Repository/Vivado/SoC/Sum-IP/Sum-IP.gen/sources_1/bd/design_1/ipshared/ef1e/hdl/lib_cdc_v1_0_rfs.vhd:514]
	Parameter INIT bound to: 1'b0 
INFO: [Synth 8-113] binding component instance 'CROSS_PLEVEL_IN2SCNDRY_s_level_out_d2' to cell 'FDR' [f:/Repository/Vivado/SoC/Sum-IP/Sum-IP.gen/sources_1/bd/design_1/ipshared/ef1e/hdl/lib_cdc_v1_0_rfs.vhd:545]
	Parameter INIT bound to: 1'b0 
INFO: [Synth 8-113] binding component instance 'CROSS_PLEVEL_IN2SCNDRY_s_level_out_d3' to cell 'FDR' [f:/Repository/Vivado/SoC/Sum-IP/Sum-IP.gen/sources_1/bd/design_1/ipshared/ef1e/hdl/lib_cdc_v1_0_rfs.vhd:554]
	Parameter INIT bound to: 1'b0 
INFO: [Synth 8-113] binding component instance 'CROSS_PLEVEL_IN2SCNDRY_s_level_out_d4' to cell 'FDR' [f:/Repository/Vivado/SoC/Sum-IP/Sum-IP.gen/sources_1/bd/design_1/ipshared/ef1e/hdl/lib_cdc_v1_0_rfs.vhd:564]
	Parameter INIT bound to: 1'b0 
INFO: [Synth 8-113] binding component instance 'CROSS_PLEVEL_IN2SCNDRY_s_level_out_d5' to cell 'FDR' [f:/Repository/Vivado/SoC/Sum-IP/Sum-IP.gen/sources_1/bd/design_1/ipshared/ef1e/hdl/lib_cdc_v1_0_rfs.vhd:574]
	Parameter INIT bound to: 1'b0 
INFO: [Synth 8-113] binding component instance 'CROSS_PLEVEL_IN2SCNDRY_s_level_out_d6' to cell 'FDR' [f:/Repository/Vivado/SoC/Sum-IP/Sum-IP.gen/sources_1/bd/design_1/ipshared/ef1e/hdl/lib_cdc_v1_0_rfs.vhd:584]
INFO: [Synth 8-256] done synthesizing module 'cdc_sync' (0#1) [f:/Repository/Vivado/SoC/Sum-IP/Sum-IP.gen/sources_1/bd/design_1/ipshared/ef1e/hdl/lib_cdc_v1_0_rfs.vhd:106]
INFO: [Synth 8-256] done synthesizing module 'lpf' (0#1) [f:/Repository/Vivado/SoC/Sum-IP/Sum-IP.gen/sources_1/bd/design_1/ipshared/8842/hdl/proc_sys_reset_v5_0_vh_rfs.vhd:816]
INFO: [Synth 8-638] synthesizing module 'sequence_psr' [f:/Repository/Vivado/SoC/Sum-IP/Sum-IP.gen/sources_1/bd/design_1/ipshared/8842/hdl/proc_sys_reset_v5_0_vh_rfs.vhd:301]
INFO: [Synth 8-638] synthesizing module 'upcnt_n' [f:/Repository/Vivado/SoC/Sum-IP/Sum-IP.gen/sources_1/bd/design_1/ipshared/8842/hdl/proc_sys_reset_v5_0_vh_rfs.vhd:125]
INFO: [Synth 8-256] done synthesizing module 'upcnt_n' (0#1) [f:/Repository/Vivado/SoC/Sum-IP/Sum-IP.gen/sources_1/bd/design_1/ipshared/8842/hdl/proc_sys_reset_v5_0_vh_rfs.vhd:125]
INFO: [Synth 8-256] done synthesizing module 'sequence_psr' (0#1) [f:/Repository/Vivado/SoC/Sum-IP/Sum-IP.gen/sources_1/bd/design_1/ipshared/8842/hdl/proc_sys_reset_v5_0_vh_rfs.vhd:301]
INFO: [Synth 8-256] done synthesizing module 'proc_sys_reset' (0#1) [f:/Repository/Vivado/SoC/Sum-IP/Sum-IP.gen/sources_1/bd/design_1/ipshared/8842/hdl/proc_sys_reset_v5_0_vh_rfs.vhd:1323]
INFO: [Synth 8-256] done synthesizing module 'design_1_rst_ps8_0_99M_0' (0#1) [f:/Repository/Vivado/SoC/Sum-IP/Sum-IP.gen/sources_1/bd/design_1/ip/design_1_rst_ps8_0_99M_0/synth/design_1_rst_ps8_0_99M_0.vhd:74]
WARNING: [Synth 8-7071] port 'mb_reset' of module 'design_1_rst_ps8_0_99M_0' is unconnected for instance 'rst_ps8_0_99M' [f:/Repository/Vivado/SoC/Sum-IP/Sum-IP.gen/sources_1/bd/design_1/synth/design_1.v:237]
WARNING: [Synth 8-7071] port 'bus_struct_reset' of module 'design_1_rst_ps8_0_99M_0' is unconnected for instance 'rst_ps8_0_99M' [f:/Repository/Vivado/SoC/Sum-IP/Sum-IP.gen/sources_1/bd/design_1/synth/design_1.v:237]
WARNING: [Synth 8-7071] port 'peripheral_reset' of module 'design_1_rst_ps8_0_99M_0' is unconnected for instance 'rst_ps8_0_99M' [f:/Repository/Vivado/SoC/Sum-IP/Sum-IP.gen/sources_1/bd/design_1/synth/design_1.v:237]
WARNING: [Synth 8-7071] port 'interconnect_aresetn' of module 'design_1_rst_ps8_0_99M_0' is unconnected for instance 'rst_ps8_0_99M' [f:/Repository/Vivado/SoC/Sum-IP/Sum-IP.gen/sources_1/bd/design_1/synth/design_1.v:237]
WARNING: [Synth 8-7023] instance 'rst_ps8_0_99M' of module 'design_1_rst_ps8_0_99M_0' has 10 connections declared, but only 6 given [f:/Repository/Vivado/SoC/Sum-IP/Sum-IP.gen/sources_1/bd/design_1/synth/design_1.v:237]
INFO: [Synth 8-6157] synthesizing module 'design_1_zynq_ultra_ps_e_0_0' [f:/Repository/Vivado/SoC/Sum-IP/Sum-IP.gen/sources_1/bd/design_1/ip/design_1_zynq_ultra_ps_e_0_0/synth/design_1_zynq_ultra_ps_e_0_0.v:53]
INFO: [Synth 8-6157] synthesizing module 'zynq_ultra_ps_e_v3_4_1_zynq_ultra_ps_e' [f:/Repository/Vivado/SoC/Sum-IP/Sum-IP.gen/sources_1/bd/design_1/ip/design_1_zynq_ultra_ps_e_0_0/hdl/zynq_ultra_ps_e_v3_4_1.v:68]
INFO: [Synth 8-6157] synthesizing module 'BUFG_PS' [F:/Xilinx/Vivado/2022.2/scripts/rt/data/unisim_comp.v:1317]
INFO: [Synth 8-6155] done synthesizing module 'BUFG_PS' (0#1) [F:/Xilinx/Vivado/2022.2/scripts/rt/data/unisim_comp.v:1317]
INFO: [Synth 8-6157] synthesizing module 'PS8' [F:/Xilinx/Vivado/2022.2/scripts/rt/data/unisim_comp.v:110670]
INFO: [Synth 8-6155] done synthesizing module 'PS8' (0#1) [F:/Xilinx/Vivado/2022.2/scripts/rt/data/unisim_comp.v:110670]
WARNING: [Synth 8-689] width (5) of port connection 'EMIOSDIO0DATAOUT' does not match port width (8) of module 'PS8' [f:/Repository/Vivado/SoC/Sum-IP/Sum-IP.gen/sources_1/bd/design_1/ip/design_1_zynq_ultra_ps_e_0_0/hdl/zynq_ultra_ps_e_v3_4_1.v:4655]
WARNING: [Synth 8-689] width (5) of port connection 'EMIOSDIO0DATAENA' does not match port width (8) of module 'PS8' [f:/Repository/Vivado/SoC/Sum-IP/Sum-IP.gen/sources_1/bd/design_1/ip/design_1_zynq_ultra_ps_e_0_0/hdl/zynq_ultra_ps_e_v3_4_1.v:4656]
WARNING: [Synth 8-689] width (5) of port connection 'EMIOSDIO1DATAOUT' does not match port width (8) of module 'PS8' [f:/Repository/Vivado/SoC/Sum-IP/Sum-IP.gen/sources_1/bd/design_1/ip/design_1_zynq_ultra_ps_e_0_0/hdl/zynq_ultra_ps_e_v3_4_1.v:4668]
WARNING: [Synth 8-689] width (5) of port connection 'EMIOSDIO1DATAENA' does not match port width (8) of module 'PS8' [f:/Repository/Vivado/SoC/Sum-IP/Sum-IP.gen/sources_1/bd/design_1/ip/design_1_zynq_ultra_ps_e_0_0/hdl/zynq_ultra_ps_e_v3_4_1.v:4669]
WARNING: [Synth 8-7071] port 'PSS_ALTO_CORE_PAD_MGTTXN0OUT' of module 'PS8' is unconnected for instance 'PS8_i' [f:/Repository/Vivado/SoC/Sum-IP/Sum-IP.gen/sources_1/bd/design_1/ip/design_1_zynq_ultra_ps_e_0_0/hdl/zynq_ultra_ps_e_v3_4_1.v:3845]
WARNING: [Synth 8-7071] port 'PSS_ALTO_CORE_PAD_MGTTXN1OUT' of module 'PS8' is unconnected for instance 'PS8_i' [f:/Repository/Vivado/SoC/Sum-IP/Sum-IP.gen/sources_1/bd/design_1/ip/design_1_zynq_ultra_ps_e_0_0/hdl/zynq_ultra_ps_e_v3_4_1.v:3845]
WARNING: [Synth 8-7071] port 'PSS_ALTO_CORE_PAD_MGTTXN2OUT' of module 'PS8' is unconnected for instance 'PS8_i' [f:/Repository/Vivado/SoC/Sum-IP/Sum-IP.gen/sources_1/bd/design_1/ip/design_1_zynq_ultra_ps_e_0_0/hdl/zynq_ultra_ps_e_v3_4_1.v:3845]
WARNING: [Synth 8-7071] port 'PSS_ALTO_CORE_PAD_MGTTXN3OUT' of module 'PS8' is unconnected for instance 'PS8_i' [f:/Repository/Vivado/SoC/Sum-IP/Sum-IP.gen/sources_1/bd/design_1/ip/design_1_zynq_ultra_ps_e_0_0/hdl/zynq_ultra_ps_e_v3_4_1.v:3845]
WARNING: [Synth 8-7071] port 'PSS_ALTO_CORE_PAD_MGTTXP0OUT' of module 'PS8' is unconnected for instance 'PS8_i' [f:/Repository/Vivado/SoC/Sum-IP/Sum-IP.gen/sources_1/bd/design_1/ip/design_1_zynq_ultra_ps_e_0_0/hdl/zynq_ultra_ps_e_v3_4_1.v:3845]
WARNING: [Synth 8-7071] port 'PSS_ALTO_CORE_PAD_MGTTXP1OUT' of module 'PS8' is unconnected for instance 'PS8_i' [f:/Repository/Vivado/SoC/Sum-IP/Sum-IP.gen/sources_1/bd/design_1/ip/design_1_zynq_ultra_ps_e_0_0/hdl/zynq_ultra_ps_e_v3_4_1.v:3845]
WARNING: [Synth 8-7071] port 'PSS_ALTO_CORE_PAD_MGTTXP2OUT' of module 'PS8' is unconnected for instance 'PS8_i' [f:/Repository/Vivado/SoC/Sum-IP/Sum-IP.gen/sources_1/bd/design_1/ip/design_1_zynq_ultra_ps_e_0_0/hdl/zynq_ultra_ps_e_v3_4_1.v:3845]
WARNING: [Synth 8-7071] port 'PSS_ALTO_CORE_PAD_MGTTXP3OUT' of module 'PS8' is unconnected for instance 'PS8_i' [f:/Repository/Vivado/SoC/Sum-IP/Sum-IP.gen/sources_1/bd/design_1/ip/design_1_zynq_ultra_ps_e_0_0/hdl/zynq_ultra_ps_e_v3_4_1.v:3845]
WARNING: [Synth 8-7071] port 'PSS_ALTO_CORE_PAD_PADO' of module 'PS8' is unconnected for instance 'PS8_i' [f:/Repository/Vivado/SoC/Sum-IP/Sum-IP.gen/sources_1/bd/design_1/ip/design_1_zynq_ultra_ps_e_0_0/hdl/zynq_ultra_ps_e_v3_4_1.v:3845]
WARNING: [Synth 8-7071] port 'PSS_ALTO_CORE_PAD_BOOTMODE' of module 'PS8' is unconnected for instance 'PS8_i' [f:/Repository/Vivado/SoC/Sum-IP/Sum-IP.gen/sources_1/bd/design_1/ip/design_1_zynq_ultra_ps_e_0_0/hdl/zynq_ultra_ps_e_v3_4_1.v:3845]
WARNING: [Synth 8-7071] port 'PSS_ALTO_CORE_PAD_CLK' of module 'PS8' is unconnected for instance 'PS8_i' [f:/Repository/Vivado/SoC/Sum-IP/Sum-IP.gen/sources_1/bd/design_1/ip/design_1_zynq_ultra_ps_e_0_0/hdl/zynq_ultra_ps_e_v3_4_1.v:3845]
WARNING: [Synth 8-7071] port 'PSS_ALTO_CORE_PAD_DONEB' of module 'PS8' is unconnected for instance 'PS8_i' [f:/Repository/Vivado/SoC/Sum-IP/Sum-IP.gen/sources_1/bd/design_1/ip/design_1_zynq_ultra_ps_e_0_0/hdl/zynq_ultra_ps_e_v3_4_1.v:3845]
WARNING: [Synth 8-7071] port 'PSS_ALTO_CORE_PAD_DRAMA' of module 'PS8' is unconnected for instance 'PS8_i' [f:/Repository/Vivado/SoC/Sum-IP/Sum-IP.gen/sources_1/bd/design_1/ip/design_1_zynq_ultra_ps_e_0_0/hdl/zynq_ultra_ps_e_v3_4_1.v:3845]
WARNING: [Synth 8-7071] port 'PSS_ALTO_CORE_PAD_DRAMACTN' of module 'PS8' is unconnected for instance 'PS8_i' [f:/Repository/Vivado/SoC/Sum-IP/Sum-IP.gen/sources_1/bd/design_1/ip/design_1_zynq_ultra_ps_e_0_0/hdl/zynq_ultra_ps_e_v3_4_1.v:3845]
WARNING: [Synth 8-7071] port 'PSS_ALTO_CORE_PAD_DRAMALERTN' of module 'PS8' is unconnected for instance 'PS8_i' [f:/Repository/Vivado/SoC/Sum-IP/Sum-IP.gen/sources_1/bd/design_1/ip/design_1_zynq_ultra_ps_e_0_0/hdl/zynq_ultra_ps_e_v3_4_1.v:3845]
WARNING: [Synth 8-7071] port 'PSS_ALTO_CORE_PAD_DRAMBA' of module 'PS8' is unconnected for instance 'PS8_i' [f:/Repository/Vivado/SoC/Sum-IP/Sum-IP.gen/sources_1/bd/design_1/ip/design_1_zynq_ultra_ps_e_0_0/hdl/zynq_ultra_ps_e_v3_4_1.v:3845]
WARNING: [Synth 8-7071] port 'PSS_ALTO_CORE_PAD_DRAMBG' of module 'PS8' is unconnected for instance 'PS8_i' [f:/Repository/Vivado/SoC/Sum-IP/Sum-IP.gen/sources_1/bd/design_1/ip/design_1_zynq_ultra_ps_e_0_0/hdl/zynq_ultra_ps_e_v3_4_1.v:3845]
WARNING: [Synth 8-7071] port 'PSS_ALTO_CORE_PAD_DRAMCK' of module 'PS8' is unconnected for instance 'PS8_i' [f:/Repository/Vivado/SoC/Sum-IP/Sum-IP.gen/sources_1/bd/design_1/ip/design_1_zynq_ultra_ps_e_0_0/hdl/zynq_ultra_ps_e_v3_4_1.v:3845]
WARNING: [Synth 8-7071] port 'PSS_ALTO_CORE_PAD_DRAMCKE' of module 'PS8' is unconnected for instance 'PS8_i' [f:/Repository/Vivado/SoC/Sum-IP/Sum-IP.gen/sources_1/bd/design_1/ip/design_1_zynq_ultra_ps_e_0_0/hdl/zynq_ultra_ps_e_v3_4_1.v:3845]
WARNING: [Synth 8-7071] port 'PSS_ALTO_CORE_PAD_DRAMCKN' of module 'PS8' is unconnected for instance 'PS8_i' [f:/Repository/Vivado/SoC/Sum-IP/Sum-IP.gen/sources_1/bd/design_1/ip/design_1_zynq_ultra_ps_e_0_0/hdl/zynq_ultra_ps_e_v3_4_1.v:3845]
WARNING: [Synth 8-7071] port 'PSS_ALTO_CORE_PAD_DRAMCSN' of module 'PS8' is unconnected for instance 'PS8_i' [f:/Repository/Vivado/SoC/Sum-IP/Sum-IP.gen/sources_1/bd/design_1/ip/design_1_zynq_ultra_ps_e_0_0/hdl/zynq_ultra_ps_e_v3_4_1.v:3845]
WARNING: [Synth 8-7071] port 'PSS_ALTO_CORE_PAD_DRAMDM' of module 'PS8' is unconnected for instance 'PS8_i' [f:/Repository/Vivado/SoC/Sum-IP/Sum-IP.gen/sources_1/bd/design_1/ip/design_1_zynq_ultra_ps_e_0_0/hdl/zynq_ultra_ps_e_v3_4_1.v:3845]
WARNING: [Synth 8-7071] port 'PSS_ALTO_CORE_PAD_DRAMDQ' of module 'PS8' is unconnected for instance 'PS8_i' [f:/Repository/Vivado/SoC/Sum-IP/Sum-IP.gen/sources_1/bd/design_1/ip/design_1_zynq_ultra_ps_e_0_0/hdl/zynq_ultra_ps_e_v3_4_1.v:3845]
WARNING: [Synth 8-7071] port 'PSS_ALTO_CORE_PAD_DRAMDQS' of module 'PS8' is unconnected for instance 'PS8_i' [f:/Repository/Vivado/SoC/Sum-IP/Sum-IP.gen/sources_1/bd/design_1/ip/design_1_zynq_ultra_ps_e_0_0/hdl/zynq_ultra_ps_e_v3_4_1.v:3845]
WARNING: [Synth 8-7071] port 'PSS_ALTO_CORE_PAD_DRAMDQSN' of module 'PS8' is unconnected for instance 'PS8_i' [f:/Repository/Vivado/SoC/Sum-IP/Sum-IP.gen/sources_1/bd/design_1/ip/design_1_zynq_ultra_ps_e_0_0/hdl/zynq_ultra_ps_e_v3_4_1.v:3845]
WARNING: [Synth 8-7071] port 'PSS_ALTO_CORE_PAD_DRAMODT' of module 'PS8' is unconnected for instance 'PS8_i' [f:/Repository/Vivado/SoC/Sum-IP/Sum-IP.gen/sources_1/bd/design_1/ip/design_1_zynq_ultra_ps_e_0_0/hdl/zynq_ultra_ps_e_v3_4_1.v:3845]
WARNING: [Synth 8-7071] port 'PSS_ALTO_CORE_PAD_DRAMPARITY' of module 'PS8' is unconnected for instance 'PS8_i' [f:/Repository/Vivado/SoC/Sum-IP/Sum-IP.gen/sources_1/bd/design_1/ip/design_1_zynq_ultra_ps_e_0_0/hdl/zynq_ultra_ps_e_v3_4_1.v:3845]
WARNING: [Synth 8-7071] port 'PSS_ALTO_CORE_PAD_DRAMRAMRSTN' of module 'PS8' is unconnected for instance 'PS8_i' [f:/Repository/Vivado/SoC/Sum-IP/Sum-IP.gen/sources_1/bd/design_1/ip/design_1_zynq_ultra_ps_e_0_0/hdl/zynq_ultra_ps_e_v3_4_1.v:3845]
WARNING: [Synth 8-7071] port 'PSS_ALTO_CORE_PAD_ERROROUT' of module 'PS8' is unconnected for instance 'PS8_i' [f:/Repository/Vivado/SoC/Sum-IP/Sum-IP.gen/sources_1/bd/design_1/ip/design_1_zynq_ultra_ps_e_0_0/hdl/zynq_ultra_ps_e_v3_4_1.v:3845]
WARNING: [Synth 8-7071] port 'PSS_ALTO_CORE_PAD_ERRORSTATUS' of module 'PS8' is unconnected for instance 'PS8_i' [f:/Repository/Vivado/SoC/Sum-IP/Sum-IP.gen/sources_1/bd/design_1/ip/design_1_zynq_ultra_ps_e_0_0/hdl/zynq_ultra_ps_e_v3_4_1.v:3845]
WARNING: [Synth 8-7071] port 'PSS_ALTO_CORE_PAD_INITB' of module 'PS8' is unconnected for instance 'PS8_i' [f:/Repository/Vivado/SoC/Sum-IP/Sum-IP.gen/sources_1/bd/design_1/ip/design_1_zynq_ultra_ps_e_0_0/hdl/zynq_ultra_ps_e_v3_4_1.v:3845]
WARNING: [Synth 8-7071] port 'PSS_ALTO_CORE_PAD_JTAGTCK' of module 'PS8' is unconnected for instance 'PS8_i' [f:/Repository/Vivado/SoC/Sum-IP/Sum-IP.gen/sources_1/bd/design_1/ip/design_1_zynq_ultra_ps_e_0_0/hdl/zynq_ultra_ps_e_v3_4_1.v:3845]
WARNING: [Synth 8-7071] port 'PSS_ALTO_CORE_PAD_JTAGTDI' of module 'PS8' is unconnected for instance 'PS8_i' [f:/Repository/Vivado/SoC/Sum-IP/Sum-IP.gen/sources_1/bd/design_1/ip/design_1_zynq_ultra_ps_e_0_0/hdl/zynq_ultra_ps_e_v3_4_1.v:3845]
WARNING: [Synth 8-7071] port 'PSS_ALTO_CORE_PAD_JTAGTDO' of module 'PS8' is unconnected for instance 'PS8_i' [f:/Repository/Vivado/SoC/Sum-IP/Sum-IP.gen/sources_1/bd/design_1/ip/design_1_zynq_ultra_ps_e_0_0/hdl/zynq_ultra_ps_e_v3_4_1.v:3845]
WARNING: [Synth 8-7071] port 'PSS_ALTO_CORE_PAD_JTAGTMS' of module 'PS8' is unconnected for instance 'PS8_i' [f:/Repository/Vivado/SoC/Sum-IP/Sum-IP.gen/sources_1/bd/design_1/ip/design_1_zynq_ultra_ps_e_0_0/hdl/zynq_ultra_ps_e_v3_4_1.v:3845]
WARNING: [Synth 8-7071] port 'PSS_ALTO_CORE_PAD_MIO' of module 'PS8' is unconnected for instance 'PS8_i' [f:/Repository/Vivado/SoC/Sum-IP/Sum-IP.gen/sources_1/bd/design_1/ip/design_1_zynq_ultra_ps_e_0_0/hdl/zynq_ultra_ps_e_v3_4_1.v:3845]
WARNING: [Synth 8-7071] port 'PSS_ALTO_CORE_PAD_PORB' of module 'PS8' is unconnected for instance 'PS8_i' [f:/Repository/Vivado/SoC/Sum-IP/Sum-IP.gen/sources_1/bd/design_1/ip/design_1_zynq_ultra_ps_e_0_0/hdl/zynq_ultra_ps_e_v3_4_1.v:3845]
WARNING: [Synth 8-7071] port 'PSS_ALTO_CORE_PAD_PROGB' of module 'PS8' is unconnected for instance 'PS8_i' [f:/Repository/Vivado/SoC/Sum-IP/Sum-IP.gen/sources_1/bd/design_1/ip/design_1_zynq_ultra_ps_e_0_0/hdl/zynq_ultra_ps_e_v3_4_1.v:3845]
WARNING: [Synth 8-7071] port 'PSS_ALTO_CORE_PAD_RCALIBINOUT' of module 'PS8' is unconnected for instance 'PS8_i' [f:/Repository/Vivado/SoC/Sum-IP/Sum-IP.gen/sources_1/bd/design_1/ip/design_1_zynq_ultra_ps_e_0_0/hdl/zynq_ultra_ps_e_v3_4_1.v:3845]
WARNING: [Synth 8-7071] port 'PSS_ALTO_CORE_PAD_SRSTB' of module 'PS8' is unconnected for instance 'PS8_i' [f:/Repository/Vivado/SoC/Sum-IP/Sum-IP.gen/sources_1/bd/design_1/ip/design_1_zynq_ultra_ps_e_0_0/hdl/zynq_ultra_ps_e_v3_4_1.v:3845]
WARNING: [Synth 8-7071] port 'PSS_ALTO_CORE_PAD_ZQ' of module 'PS8' is unconnected for instance 'PS8_i' [f:/Repository/Vivado/SoC/Sum-IP/Sum-IP.gen/sources_1/bd/design_1/ip/design_1_zynq_ultra_ps_e_0_0/hdl/zynq_ultra_ps_e_v3_4_1.v:3845]
WARNING: [Synth 8-7071] port 'PSS_ALTO_CORE_PAD_MGTRXN0IN' of module 'PS8' is unconnected for instance 'PS8_i' [f:/Repository/Vivado/SoC/Sum-IP/Sum-IP.gen/sources_1/bd/design_1/ip/design_1_zynq_ultra_ps_e_0_0/hdl/zynq_ultra_ps_e_v3_4_1.v:3845]
WARNING: [Synth 8-7071] port 'PSS_ALTO_CORE_PAD_MGTRXN1IN' of module 'PS8' is unconnected for instance 'PS8_i' [f:/Repository/Vivado/SoC/Sum-IP/Sum-IP.gen/sources_1/bd/design_1/ip/design_1_zynq_ultra_ps_e_0_0/hdl/zynq_ultra_ps_e_v3_4_1.v:3845]
WARNING: [Synth 8-7071] port 'PSS_ALTO_CORE_PAD_MGTRXN2IN' of module 'PS8' is unconnected for instance 'PS8_i' [f:/Repository/Vivado/SoC/Sum-IP/Sum-IP.gen/sources_1/bd/design_1/ip/design_1_zynq_ultra_ps_e_0_0/hdl/zynq_ultra_ps_e_v3_4_1.v:3845]
WARNING: [Synth 8-7071] port 'PSS_ALTO_CORE_PAD_MGTRXN3IN' of module 'PS8' is unconnected for instance 'PS8_i' [f:/Repository/Vivado/SoC/Sum-IP/Sum-IP.gen/sources_1/bd/design_1/ip/design_1_zynq_ultra_ps_e_0_0/hdl/zynq_ultra_ps_e_v3_4_1.v:3845]
WARNING: [Synth 8-7071] port 'PSS_ALTO_CORE_PAD_MGTRXP0IN' of module 'PS8' is unconnected for instance 'PS8_i' [f:/Repository/Vivado/SoC/Sum-IP/Sum-IP.gen/sources_1/bd/design_1/ip/design_1_zynq_ultra_ps_e_0_0/hdl/zynq_ultra_ps_e_v3_4_1.v:3845]
WARNING: [Synth 8-7071] port 'PSS_ALTO_CORE_PAD_MGTRXP1IN' of module 'PS8' is unconnected for instance 'PS8_i' [f:/Repository/Vivado/SoC/Sum-IP/Sum-IP.gen/sources_1/bd/design_1/ip/design_1_zynq_ultra_ps_e_0_0/hdl/zynq_ultra_ps_e_v3_4_1.v:3845]
WARNING: [Synth 8-7071] port 'PSS_ALTO_CORE_PAD_MGTRXP2IN' of module 'PS8' is unconnected for instance 'PS8_i' [f:/Repository/Vivado/SoC/Sum-IP/Sum-IP.gen/sources_1/bd/design_1/ip/design_1_zynq_ultra_ps_e_0_0/hdl/zynq_ultra_ps_e_v3_4_1.v:3845]
WARNING: [Synth 8-7071] port 'PSS_ALTO_CORE_PAD_MGTRXP3IN' of module 'PS8' is unconnected for instance 'PS8_i' [f:/Repository/Vivado/SoC/Sum-IP/Sum-IP.gen/sources_1/bd/design_1/ip/design_1_zynq_ultra_ps_e_0_0/hdl/zynq_ultra_ps_e_v3_4_1.v:3845]
WARNING: [Synth 8-7071] port 'PSS_ALTO_CORE_PAD_PADI' of module 'PS8' is unconnected for instance 'PS8_i' [f:/Repository/Vivado/SoC/Sum-IP/Sum-IP.gen/sources_1/bd/design_1/ip/design_1_zynq_ultra_ps_e_0_0/hdl/zynq_ultra_ps_e_v3_4_1.v:3845]
WARNING: [Synth 8-7071] port 'PSS_ALTO_CORE_PAD_REFN0IN' of module 'PS8' is unconnected for instance 'PS8_i' [f:/Repository/Vivado/SoC/Sum-IP/Sum-IP.gen/sources_1/bd/design_1/ip/design_1_zynq_ultra_ps_e_0_0/hdl/zynq_ultra_ps_e_v3_4_1.v:3845]
WARNING: [Synth 8-7071] port 'PSS_ALTO_CORE_PAD_REFN1IN' of module 'PS8' is unconnected for instance 'PS8_i' [f:/Repository/Vivado/SoC/Sum-IP/Sum-IP.gen/sources_1/bd/design_1/ip/design_1_zynq_ultra_ps_e_0_0/hdl/zynq_ultra_ps_e_v3_4_1.v:3845]
WARNING: [Synth 8-7071] port 'PSS_ALTO_CORE_PAD_REFN2IN' of module 'PS8' is unconnected for instance 'PS8_i' [f:/Repository/Vivado/SoC/Sum-IP/Sum-IP.gen/sources_1/bd/design_1/ip/design_1_zynq_ultra_ps_e_0_0/hdl/zynq_ultra_ps_e_v3_4_1.v:3845]
WARNING: [Synth 8-7071] port 'PSS_ALTO_CORE_PAD_REFN3IN' of module 'PS8' is unconnected for instance 'PS8_i' [f:/Repository/Vivado/SoC/Sum-IP/Sum-IP.gen/sources_1/bd/design_1/ip/design_1_zynq_ultra_ps_e_0_0/hdl/zynq_ultra_ps_e_v3_4_1.v:3845]
WARNING: [Synth 8-7071] port 'PSS_ALTO_CORE_PAD_REFP0IN' of module 'PS8' is unconnected for instance 'PS8_i' [f:/Repository/Vivado/SoC/Sum-IP/Sum-IP.gen/sources_1/bd/design_1/ip/design_1_zynq_ultra_ps_e_0_0/hdl/zynq_ultra_ps_e_v3_4_1.v:3845]
WARNING: [Synth 8-7071] port 'PSS_ALTO_CORE_PAD_REFP1IN' of module 'PS8' is unconnected for instance 'PS8_i' [f:/Repository/Vivado/SoC/Sum-IP/Sum-IP.gen/sources_1/bd/design_1/ip/design_1_zynq_ultra_ps_e_0_0/hdl/zynq_ultra_ps_e_v3_4_1.v:3845]
WARNING: [Synth 8-7071] port 'PSS_ALTO_CORE_PAD_REFP2IN' of module 'PS8' is unconnected for instance 'PS8_i' [f:/Repository/Vivado/SoC/Sum-IP/Sum-IP.gen/sources_1/bd/design_1/ip/design_1_zynq_ultra_ps_e_0_0/hdl/zynq_ultra_ps_e_v3_4_1.v:3845]
WARNING: [Synth 8-7071] port 'PSS_ALTO_CORE_PAD_REFP3IN' of module 'PS8' is unconnected for instance 'PS8_i' [f:/Repository/Vivado/SoC/Sum-IP/Sum-IP.gen/sources_1/bd/design_1/ip/design_1_zynq_ultra_ps_e_0_0/hdl/zynq_ultra_ps_e_v3_4_1.v:3845]
WARNING: [Synth 8-7023] instance 'PS8_i' of module 'PS8' has 1015 connections declared, but only 957 given [f:/Repository/Vivado/SoC/Sum-IP/Sum-IP.gen/sources_1/bd/design_1/ip/design_1_zynq_ultra_ps_e_0_0/hdl/zynq_ultra_ps_e_v3_4_1.v:3845]
INFO: [Synth 8-6155] done synthesizing module 'zynq_ultra_ps_e_v3_4_1_zynq_ultra_ps_e' (0#1) [f:/Repository/Vivado/SoC/Sum-IP/Sum-IP.gen/sources_1/bd/design_1/ip/design_1_zynq_ultra_ps_e_0_0/hdl/zynq_ultra_ps_e_v3_4_1.v:68]
WARNING: [Synth 8-7071] port 'emio_enet0_signal_detect' of module 'zynq_ultra_ps_e_v3_4_1_zynq_ultra_ps_e' is unconnected for instance 'inst' [f:/Repository/Vivado/SoC/Sum-IP/Sum-IP.gen/sources_1/bd/design_1/ip/design_1_zynq_ultra_ps_e_0_0/synth/design_1_zynq_ultra_ps_e_0_0.v:363]
WARNING: [Synth 8-7071] port 'emio_enet1_signal_detect' of module 'zynq_ultra_ps_e_v3_4_1_zynq_ultra_ps_e' is unconnected for instance 'inst' [f:/Repository/Vivado/SoC/Sum-IP/Sum-IP.gen/sources_1/bd/design_1/ip/design_1_zynq_ultra_ps_e_0_0/synth/design_1_zynq_ultra_ps_e_0_0.v:363]
WARNING: [Synth 8-7071] port 'emio_enet2_signal_detect' of module 'zynq_ultra_ps_e_v3_4_1_zynq_ultra_ps_e' is unconnected for instance 'inst' [f:/Repository/Vivado/SoC/Sum-IP/Sum-IP.gen/sources_1/bd/design_1/ip/design_1_zynq_ultra_ps_e_0_0/synth/design_1_zynq_ultra_ps_e_0_0.v:363]
WARNING: [Synth 8-7071] port 'emio_enet3_signal_detect' of module 'zynq_ultra_ps_e_v3_4_1_zynq_ultra_ps_e' is unconnected for instance 'inst' [f:/Repository/Vivado/SoC/Sum-IP/Sum-IP.gen/sources_1/bd/design_1/ip/design_1_zynq_ultra_ps_e_0_0/synth/design_1_zynq_ultra_ps_e_0_0.v:363]
WARNING: [Synth 8-7023] instance 'inst' of module 'zynq_ultra_ps_e_v3_4_1_zynq_ultra_ps_e' has 1491 connections declared, but only 1487 given [f:/Repository/Vivado/SoC/Sum-IP/Sum-IP.gen/sources_1/bd/design_1/ip/design_1_zynq_ultra_ps_e_0_0/synth/design_1_zynq_ultra_ps_e_0_0.v:363]
INFO: [Synth 8-6155] done synthesizing module 'design_1_zynq_ultra_ps_e_0_0' (0#1) [f:/Repository/Vivado/SoC/Sum-IP/Sum-IP.gen/sources_1/bd/design_1/ip/design_1_zynq_ultra_ps_e_0_0/synth/design_1_zynq_ultra_ps_e_0_0.v:53]
WARNING: [Synth 8-7071] port 'maxigp0_awuser' of module 'design_1_zynq_ultra_ps_e_0_0' is unconnected for instance 'zynq_ultra_ps_e_0' [f:/Repository/Vivado/SoC/Sum-IP/Sum-IP.gen/sources_1/bd/design_1/synth/design_1.v:244]
WARNING: [Synth 8-7071] port 'maxigp0_aruser' of module 'design_1_zynq_ultra_ps_e_0_0' is unconnected for instance 'zynq_ultra_ps_e_0' [f:/Repository/Vivado/SoC/Sum-IP/Sum-IP.gen/sources_1/bd/design_1/synth/design_1.v:244]
WARNING: [Synth 8-7071] port 'maxigp1_awuser' of module 'design_1_zynq_ultra_ps_e_0_0' is unconnected for instance 'zynq_ultra_ps_e_0' [f:/Repository/Vivado/SoC/Sum-IP/Sum-IP.gen/sources_1/bd/design_1/synth/design_1.v:244]
WARNING: [Synth 8-7071] port 'maxigp1_aruser' of module 'design_1_zynq_ultra_ps_e_0_0' is unconnected for instance 'zynq_ultra_ps_e_0' [f:/Repository/Vivado/SoC/Sum-IP/Sum-IP.gen/sources_1/bd/design_1/synth/design_1.v:244]
WARNING: [Synth 8-7071] port 'pl_clk1' of module 'design_1_zynq_ultra_ps_e_0_0' is unconnected for instance 'zynq_ultra_ps_e_0' [f:/Repository/Vivado/SoC/Sum-IP/Sum-IP.gen/sources_1/bd/design_1/synth/design_1.v:244]
WARNING: [Synth 8-7023] instance 'zynq_ultra_ps_e_0' of module 'design_1_zynq_ultra_ps_e_0_0' has 84 connections declared, but only 79 given [f:/Repository/Vivado/SoC/Sum-IP/Sum-IP.gen/sources_1/bd/design_1/synth/design_1.v:244]
INFO: [Synth 8-6155] done synthesizing module 'design_1' (0#1) [f:/Repository/Vivado/SoC/Sum-IP/Sum-IP.gen/sources_1/bd/design_1/synth/design_1.v:12]
INFO: [Synth 8-6155] done synthesizing module 'design_1_wrapper' (0#1) [f:/Repository/Vivado/SoC/Sum-IP/Sum-IP.gen/sources_1/bd/design_1/hdl/design_1_wrapper.v:12]
WARNING: [Synth 8-6014] Unused sequential element slv_reg0_reg was removed.  [f:/Repository/Vivado/SoC/Sum-IP/Sum-IP.gen/sources_1/bd/design_1/ipshared/5082/sum.srcs/sources_1/new/myip_v1_0_S00_AXI.v:226]
WARNING: [Synth 8-6014] Unused sequential element slv_reg1_reg was removed.  [f:/Repository/Vivado/SoC/Sum-IP/Sum-IP.gen/sources_1/bd/design_1/ipshared/5082/sum.srcs/sources_1/new/myip_v1_0_S00_AXI.v:227]
WARNING: [Synth 8-6014] Unused sequential element slv_reg2_reg was removed.  [f:/Repository/Vivado/SoC/Sum-IP/Sum-IP.gen/sources_1/bd/design_1/ipshared/5082/sum.srcs/sources_1/new/myip_v1_0_S00_AXI.v:228]
WARNING: [Synth 8-6014] Unused sequential element slv_reg3_reg was removed.  [f:/Repository/Vivado/SoC/Sum-IP/Sum-IP.gen/sources_1/bd/design_1/ipshared/5082/sum.srcs/sources_1/new/myip_v1_0_S00_AXI.v:229]
WARNING: [Synth 8-6014] Unused sequential element axi_rdata_reg was removed.  [f:/Repository/Vivado/SoC/Sum-IP/Sum-IP.gen/sources_1/bd/design_1/ipshared/5082/sum.srcs/sources_1/new/myip_v1_0_S00_AXI.v:389]
WARNING: [Synth 8-6014] Unused sequential element cmd_empty_reg was removed.  [f:/Repository/Vivado/SoC/Sum-IP/Sum-IP.gen/sources_1/bd/design_1/ipshared/4675/hdl/axi_dwidth_converter_v2_1_vlsyn_rfs.v:1053]
WARNING: [Synth 8-6014] Unused sequential element cmd_depth_reg was removed.  [f:/Repository/Vivado/SoC/Sum-IP/Sum-IP.gen/sources_1/bd/design_1/ipshared/4675/hdl/axi_dwidth_converter_v2_1_vlsyn_rfs.v:1054]
WARNING: [Synth 8-6014] Unused sequential element cmd_b_push_block_reg was removed.  [f:/Repository/Vivado/SoC/Sum-IP/Sum-IP.gen/sources_1/bd/design_1/ipshared/4675/hdl/axi_dwidth_converter_v2_1_vlsyn_rfs.v:976]
WARNING: [Synth 8-6014] Unused sequential element state_r1_reg was removed.  [f:/Repository/Vivado/SoC/Sum-IP/Sum-IP.gen/sources_1/bd/design_1/ipshared/aeb3/hdl/axi_protocol_converter_v2_1_vl_rfs.v:3383]
WARNING: [Synth 8-6014] Unused sequential element s_arlen_r_reg was removed.  [f:/Repository/Vivado/SoC/Sum-IP/Sum-IP.gen/sources_1/bd/design_1/ipshared/aeb3/hdl/axi_protocol_converter_v2_1_vl_rfs.v:3384]
WARNING: [Synth 8-6014] Unused sequential element gen_debug_trans_seq.debug_aw_trans_seq_i_reg was removed.  [f:/Repository/Vivado/SoC/Sum-IP/Sum-IP.gen/sources_1/bd/design_1/ipshared/c40e/hdl/axi_crossbar_v2_1_vl_rfs.v:2056]
WARNING: [Synth 8-6014] Unused sequential element gen_debug_trans_seq.debug_ar_trans_seq_i_reg was removed.  [f:/Repository/Vivado/SoC/Sum-IP/Sum-IP.gen/sources_1/bd/design_1/ipshared/c40e/hdl/axi_crossbar_v2_1_vl_rfs.v:2067]
WARNING: [Synth 8-6014] Unused sequential element gen_debug_trans_seq.debug_w_beat_cnt_i_reg was removed.  [f:/Repository/Vivado/SoC/Sum-IP/Sum-IP.gen/sources_1/bd/design_1/ipshared/c40e/hdl/axi_crossbar_v2_1_vl_rfs.v:2078]
WARNING: [Synth 8-6014] Unused sequential element gen_debug_trans_seq.debug_r_beat_cnt_i_reg was removed.  [f:/Repository/Vivado/SoC/Sum-IP/Sum-IP.gen/sources_1/bd/design_1/ipshared/c40e/hdl/axi_crossbar_v2_1_vl_rfs.v:2091]
WARNING: [Synth 8-3848] Net dp_audio_ref_clk in module/entity zynq_ultra_ps_e_v3_4_1_zynq_ultra_ps_e does not have driver. [f:/Repository/Vivado/SoC/Sum-IP/Sum-IP.gen/sources_1/bd/design_1/ip/design_1_zynq_ultra_ps_e_0_0/hdl/zynq_ultra_ps_e_v3_4_1.v:344]
WARNING: [Synth 8-3848] Net irq_ipi_pl_0 in module/entity zynq_ultra_ps_e_v3_4_1_zynq_ultra_ps_e does not have driver. [f:/Repository/Vivado/SoC/Sum-IP/Sum-IP.gen/sources_1/bd/design_1/ip/design_1_zynq_ultra_ps_e_0_0/hdl/zynq_ultra_ps_e_v3_4_1.v:1364]
WARNING: [Synth 8-3848] Net irq_ipi_pl_1 in module/entity zynq_ultra_ps_e_v3_4_1_zynq_ultra_ps_e does not have driver. [f:/Repository/Vivado/SoC/Sum-IP/Sum-IP.gen/sources_1/bd/design_1/ip/design_1_zynq_ultra_ps_e_0_0/hdl/zynq_ultra_ps_e_v3_4_1.v:1365]
WARNING: [Synth 8-3848] Net irq_ipi_pl_2 in module/entity zynq_ultra_ps_e_v3_4_1_zynq_ultra_ps_e does not have driver. [f:/Repository/Vivado/SoC/Sum-IP/Sum-IP.gen/sources_1/bd/design_1/ip/design_1_zynq_ultra_ps_e_0_0/hdl/zynq_ultra_ps_e_v3_4_1.v:1366]
WARNING: [Synth 8-3848] Net irq_ipi_pl_3 in module/entity zynq_ultra_ps_e_v3_4_1_zynq_ultra_ps_e does not have driver. [f:/Repository/Vivado/SoC/Sum-IP/Sum-IP.gen/sources_1/bd/design_1/ip/design_1_zynq_ultra_ps_e_0_0/hdl/zynq_ultra_ps_e_v3_4_1.v:1367]
WARNING: [Synth 8-7129] Port dp_audio_ref_clk in module zynq_ultra_ps_e_v3_4_1_zynq_ultra_ps_e is either unconnected or has no load
WARNING: [Synth 8-7129] Port irq_ipi_pl_0 in module zynq_ultra_ps_e_v3_4_1_zynq_ultra_ps_e is either unconnected or has no load
WARNING: [Synth 8-7129] Port irq_ipi_pl_1 in module zynq_ultra_ps_e_v3_4_1_zynq_ultra_ps_e is either unconnected or has no load
WARNING: [Synth 8-7129] Port irq_ipi_pl_2 in module zynq_ultra_ps_e_v3_4_1_zynq_ultra_ps_e is either unconnected or has no load
WARNING: [Synth 8-7129] Port irq_ipi_pl_3 in module zynq_ultra_ps_e_v3_4_1_zynq_ultra_ps_e is either unconnected or has no load
WARNING: [Synth 8-7129] Port saxihpc0_fpd_rclk in module zynq_ultra_ps_e_v3_4_1_zynq_ultra_ps_e is either unconnected or has no load
WARNING: [Synth 8-7129] Port saxihpc0_fpd_wclk in module zynq_ultra_ps_e_v3_4_1_zynq_ultra_ps_e is either unconnected or has no load
WARNING: [Synth 8-7129] Port saxihpc1_fpd_rclk in module zynq_ultra_ps_e_v3_4_1_zynq_ultra_ps_e is either unconnected or has no load
WARNING: [Synth 8-7129] Port saxihpc1_fpd_wclk in module zynq_ultra_ps_e_v3_4_1_zynq_ultra_ps_e is either unconnected or has no load
WARNING: [Synth 8-7129] Port saxihp0_fpd_rclk in module zynq_ultra_ps_e_v3_4_1_zynq_ultra_ps_e is either unconnected or has no load
WARNING: [Synth 8-7129] Port saxihp0_fpd_wclk in module zynq_ultra_ps_e_v3_4_1_zynq_ultra_ps_e is either unconnected or has no load
WARNING: [Synth 8-7129] Port saxihp1_fpd_rclk in module zynq_ultra_ps_e_v3_4_1_zynq_ultra_ps_e is either unconnected or has no load
WARNING: [Synth 8-7129] Port saxihp1_fpd_wclk in module zynq_ultra_ps_e_v3_4_1_zynq_ultra_ps_e is either unconnected or has no load
WARNING: [Synth 8-7129] Port saxihp2_fpd_rclk in module zynq_ultra_ps_e_v3_4_1_zynq_ultra_ps_e is either unconnected or has no load
WARNING: [Synth 8-7129] Port saxihp2_fpd_wclk in module zynq_ultra_ps_e_v3_4_1_zynq_ultra_ps_e is either unconnected or has no load
WARNING: [Synth 8-7129] Port saxihp3_fpd_rclk in module zynq_ultra_ps_e_v3_4_1_zynq_ultra_ps_e is either unconnected or has no load
WARNING: [Synth 8-7129] Port saxihp3_fpd_wclk in module zynq_ultra_ps_e_v3_4_1_zynq_ultra_ps_e is either unconnected or has no load
WARNING: [Synth 8-7129] Port saxi_lpd_rclk in module zynq_ultra_ps_e_v3_4_1_zynq_ultra_ps_e is either unconnected or has no load
WARNING: [Synth 8-7129] Port saxi_lpd_wclk in module zynq_ultra_ps_e_v3_4_1_zynq_ultra_ps_e is either unconnected or has no load
WARNING: [Synth 8-7129] Port sacefpd_awuser[15] in module zynq_ultra_ps_e_v3_4_1_zynq_ultra_ps_e is either unconnected or has no load
WARNING: [Synth 8-7129] Port sacefpd_awuser[14] in module zynq_ultra_ps_e_v3_4_1_zynq_ultra_ps_e is either unconnected or has no load
WARNING: [Synth 8-7129] Port sacefpd_awuser[13] in module zynq_ultra_ps_e_v3_4_1_zynq_ultra_ps_e is either unconnected or has no load
WARNING: [Synth 8-7129] Port sacefpd_awuser[12] in module zynq_ultra_ps_e_v3_4_1_zynq_ultra_ps_e is either unconnected or has no load
WARNING: [Synth 8-7129] Port sacefpd_awuser[11] in module zynq_ultra_ps_e_v3_4_1_zynq_ultra_ps_e is either unconnected or has no load
WARNING: [Synth 8-7129] Port sacefpd_awuser[10] in module zynq_ultra_ps_e_v3_4_1_zynq_ultra_ps_e is either unconnected or has no load
WARNING: [Synth 8-7129] Port sacefpd_awuser[9] in module zynq_ultra_ps_e_v3_4_1_zynq_ultra_ps_e is either unconnected or has no load
WARNING: [Synth 8-7129] Port sacefpd_awuser[8] in module zynq_ultra_ps_e_v3_4_1_zynq_ultra_ps_e is either unconnected or has no load
WARNING: [Synth 8-7129] Port sacefpd_awuser[7] in module zynq_ultra_ps_e_v3_4_1_zynq_ultra_ps_e is either unconnected or has no load
WARNING: [Synth 8-7129] Port sacefpd_awuser[6] in module zynq_ultra_ps_e_v3_4_1_zynq_ultra_ps_e is either unconnected or has no load
WARNING: [Synth 8-7129] Port sacefpd_aruser[15] in module zynq_ultra_ps_e_v3_4_1_zynq_ultra_ps_e is either unconnected or has no load
WARNING: [Synth 8-7129] Port sacefpd_aruser[14] in module zynq_ultra_ps_e_v3_4_1_zynq_ultra_ps_e is either unconnected or has no load
WARNING: [Synth 8-7129] Port sacefpd_aruser[13] in module zynq_ultra_ps_e_v3_4_1_zynq_ultra_ps_e is either unconnected or has no load
WARNING: [Synth 8-7129] Port sacefpd_aruser[12] in module zynq_ultra_ps_e_v3_4_1_zynq_ultra_ps_e is either unconnected or has no load
WARNING: [Synth 8-7129] Port sacefpd_aruser[11] in module zynq_ultra_ps_e_v3_4_1_zynq_ultra_ps_e is either unconnected or has no load
WARNING: [Synth 8-7129] Port sacefpd_aruser[10] in module zynq_ultra_ps_e_v3_4_1_zynq_ultra_ps_e is either unconnected or has no load
WARNING: [Synth 8-7129] Port sacefpd_aruser[9] in module zynq_ultra_ps_e_v3_4_1_zynq_ultra_ps_e is either unconnected or has no load
WARNING: [Synth 8-7129] Port sacefpd_aruser[8] in module zynq_ultra_ps_e_v3_4_1_zynq_ultra_ps_e is either unconnected or has no load
WARNING: [Synth 8-7129] Port sacefpd_aruser[7] in module zynq_ultra_ps_e_v3_4_1_zynq_ultra_ps_e is either unconnected or has no load
WARNING: [Synth 8-7129] Port sacefpd_aruser[6] in module zynq_ultra_ps_e_v3_4_1_zynq_ultra_ps_e is either unconnected or has no load
WARNING: [Synth 8-7129] Port test_adc_clk[3] in module zynq_ultra_ps_e_v3_4_1_zynq_ultra_ps_e is either unconnected or has no load
WARNING: [Synth 8-7129] Port test_adc_clk[2] in module zynq_ultra_ps_e_v3_4_1_zynq_ultra_ps_e is either unconnected or has no load
WARNING: [Synth 8-7129] Port test_adc_clk[1] in module zynq_ultra_ps_e_v3_4_1_zynq_ultra_ps_e is either unconnected or has no load
WARNING: [Synth 8-7129] Port test_adc_clk[0] in module zynq_ultra_ps_e_v3_4_1_zynq_ultra_ps_e is either unconnected or has no load
WARNING: [Synth 8-7129] Port test_adc_in[31] in module zynq_ultra_ps_e_v3_4_1_zynq_ultra_ps_e is either unconnected or has no load
WARNING: [Synth 8-7129] Port test_adc_in[30] in module zynq_ultra_ps_e_v3_4_1_zynq_ultra_ps_e is either unconnected or has no load
WARNING: [Synth 8-7129] Port test_adc_in[29] in module zynq_ultra_ps_e_v3_4_1_zynq_ultra_ps_e is either unconnected or has no load
WARNING: [Synth 8-7129] Port test_adc_in[28] in module zynq_ultra_ps_e_v3_4_1_zynq_ultra_ps_e is either unconnected or has no load
WARNING: [Synth 8-7129] Port test_adc_in[27] in module zynq_ultra_ps_e_v3_4_1_zynq_ultra_ps_e is either unconnected or has no load
WARNING: [Synth 8-7129] Port test_adc_in[26] in module zynq_ultra_ps_e_v3_4_1_zynq_ultra_ps_e is either unconnected or has no load
WARNING: [Synth 8-7129] Port test_adc_in[25] in module zynq_ultra_ps_e_v3_4_1_zynq_ultra_ps_e is either unconnected or has no load
WARNING: [Synth 8-7129] Port test_adc_in[24] in module zynq_ultra_ps_e_v3_4_1_zynq_ultra_ps_e is either unconnected or has no load
WARNING: [Synth 8-7129] Port test_adc_in[23] in module zynq_ultra_ps_e_v3_4_1_zynq_ultra_ps_e is either unconnected or has no load
WARNING: [Synth 8-7129] Port test_adc_in[22] in module zynq_ultra_ps_e_v3_4_1_zynq_ultra_ps_e is either unconnected or has no load
WARNING: [Synth 8-7129] Port test_adc_in[21] in module zynq_ultra_ps_e_v3_4_1_zynq_ultra_ps_e is either unconnected or has no load
WARNING: [Synth 8-7129] Port test_adc_in[20] in module zynq_ultra_ps_e_v3_4_1_zynq_ultra_ps_e is either unconnected or has no load
WARNING: [Synth 8-7129] Port test_adc_in[19] in module zynq_ultra_ps_e_v3_4_1_zynq_ultra_ps_e is either unconnected or has no load
WARNING: [Synth 8-7129] Port test_adc_in[18] in module zynq_ultra_ps_e_v3_4_1_zynq_ultra_ps_e is either unconnected or has no load
WARNING: [Synth 8-7129] Port test_adc_in[17] in module zynq_ultra_ps_e_v3_4_1_zynq_ultra_ps_e is either unconnected or has no load
WARNING: [Synth 8-7129] Port test_adc_in[16] in module zynq_ultra_ps_e_v3_4_1_zynq_ultra_ps_e is either unconnected or has no load
WARNING: [Synth 8-7129] Port test_adc_in[15] in module zynq_ultra_ps_e_v3_4_1_zynq_ultra_ps_e is either unconnected or has no load
WARNING: [Synth 8-7129] Port test_adc_in[14] in module zynq_ultra_ps_e_v3_4_1_zynq_ultra_ps_e is either unconnected or has no load
WARNING: [Synth 8-7129] Port test_adc_in[13] in module zynq_ultra_ps_e_v3_4_1_zynq_ultra_ps_e is either unconnected or has no load
WARNING: [Synth 8-7129] Port test_adc_in[12] in module zynq_ultra_ps_e_v3_4_1_zynq_ultra_ps_e is either unconnected or has no load
WARNING: [Synth 8-7129] Port test_adc_in[11] in module zynq_ultra_ps_e_v3_4_1_zynq_ultra_ps_e is either unconnected or has no load
WARNING: [Synth 8-7129] Port test_adc_in[10] in module zynq_ultra_ps_e_v3_4_1_zynq_ultra_ps_e is either unconnected or has no load
WARNING: [Synth 8-7129] Port test_adc_in[9] in module zynq_ultra_ps_e_v3_4_1_zynq_ultra_ps_e is either unconnected or has no load
WARNING: [Synth 8-7129] Port test_adc_in[8] in module zynq_ultra_ps_e_v3_4_1_zynq_ultra_ps_e is either unconnected or has no load
WARNING: [Synth 8-7129] Port test_adc_in[7] in module zynq_ultra_ps_e_v3_4_1_zynq_ultra_ps_e is either unconnected or has no load
WARNING: [Synth 8-7129] Port test_adc_in[6] in module zynq_ultra_ps_e_v3_4_1_zynq_ultra_ps_e is either unconnected or has no load
WARNING: [Synth 8-7129] Port test_adc_in[5] in module zynq_ultra_ps_e_v3_4_1_zynq_ultra_ps_e is either unconnected or has no load
WARNING: [Synth 8-7129] Port test_adc_in[4] in module zynq_ultra_ps_e_v3_4_1_zynq_ultra_ps_e is either unconnected or has no load
WARNING: [Synth 8-7129] Port test_adc_in[3] in module zynq_ultra_ps_e_v3_4_1_zynq_ultra_ps_e is either unconnected or has no load
WARNING: [Synth 8-7129] Port test_adc_in[2] in module zynq_ultra_ps_e_v3_4_1_zynq_ultra_ps_e is either unconnected or has no load
WARNING: [Synth 8-7129] Port test_adc_in[1] in module zynq_ultra_ps_e_v3_4_1_zynq_ultra_ps_e is either unconnected or has no load
WARNING: [Synth 8-7129] Port test_adc_in[0] in module zynq_ultra_ps_e_v3_4_1_zynq_ultra_ps_e is either unconnected or has no load
WARNING: [Synth 8-7129] Port test_adc2_in[31] in module zynq_ultra_ps_e_v3_4_1_zynq_ultra_ps_e is either unconnected or has no load
WARNING: [Synth 8-7129] Port test_adc2_in[30] in module zynq_ultra_ps_e_v3_4_1_zynq_ultra_ps_e is either unconnected or has no load
WARNING: [Synth 8-7129] Port test_adc2_in[29] in module zynq_ultra_ps_e_v3_4_1_zynq_ultra_ps_e is either unconnected or has no load
WARNING: [Synth 8-7129] Port test_adc2_in[28] in module zynq_ultra_ps_e_v3_4_1_zynq_ultra_ps_e is either unconnected or has no load
WARNING: [Synth 8-7129] Port test_adc2_in[27] in module zynq_ultra_ps_e_v3_4_1_zynq_ultra_ps_e is either unconnected or has no load
WARNING: [Synth 8-7129] Port test_adc2_in[26] in module zynq_ultra_ps_e_v3_4_1_zynq_ultra_ps_e is either unconnected or has no load
WARNING: [Synth 8-7129] Port test_adc2_in[25] in module zynq_ultra_ps_e_v3_4_1_zynq_ultra_ps_e is either unconnected or has no load
WARNING: [Synth 8-7129] Port test_adc2_in[24] in module zynq_ultra_ps_e_v3_4_1_zynq_ultra_ps_e is either unconnected or has no load
WARNING: [Synth 8-7129] Port test_adc2_in[23] in module zynq_ultra_ps_e_v3_4_1_zynq_ultra_ps_e is either unconnected or has no load
WARNING: [Synth 8-7129] Port test_adc2_in[22] in module zynq_ultra_ps_e_v3_4_1_zynq_ultra_ps_e is either unconnected or has no load
WARNING: [Synth 8-7129] Port test_adc2_in[21] in module zynq_ultra_ps_e_v3_4_1_zynq_ultra_ps_e is either unconnected or has no load
WARNING: [Synth 8-7129] Port test_adc2_in[20] in module zynq_ultra_ps_e_v3_4_1_zynq_ultra_ps_e is either unconnected or has no load
WARNING: [Synth 8-7129] Port test_adc2_in[19] in module zynq_ultra_ps_e_v3_4_1_zynq_ultra_ps_e is either unconnected or has no load
WARNING: [Synth 8-7129] Port test_adc2_in[18] in module zynq_ultra_ps_e_v3_4_1_zynq_ultra_ps_e is either unconnected or has no load
WARNING: [Synth 8-7129] Port test_adc2_in[17] in module zynq_ultra_ps_e_v3_4_1_zynq_ultra_ps_e is either unconnected or has no load
WARNING: [Synth 8-7129] Port test_adc2_in[16] in module zynq_ultra_ps_e_v3_4_1_zynq_ultra_ps_e is either unconnected or has no load
WARNING: [Synth 8-7129] Port test_adc2_in[15] in module zynq_ultra_ps_e_v3_4_1_zynq_ultra_ps_e is either unconnected or has no load
WARNING: [Synth 8-7129] Port test_adc2_in[14] in module zynq_ultra_ps_e_v3_4_1_zynq_ultra_ps_e is either unconnected or has no load
WARNING: [Synth 8-7129] Port test_adc2_in[13] in module zynq_ultra_ps_e_v3_4_1_zynq_ultra_ps_e is either unconnected or has no load
WARNING: [Synth 8-7129] Port test_adc2_in[12] in module zynq_ultra_ps_e_v3_4_1_zynq_ultra_ps_e is either unconnected or has no load
WARNING: [Synth 8-7129] Port test_adc2_in[11] in module zynq_ultra_ps_e_v3_4_1_zynq_ultra_ps_e is either unconnected or has no load
WARNING: [Synth 8-7129] Port test_adc2_in[10] in module zynq_ultra_ps_e_v3_4_1_zynq_ultra_ps_e is either unconnected or has no load
WARNING: [Synth 8-7129] Port test_adc2_in[9] in module zynq_ultra_ps_e_v3_4_1_zynq_ultra_ps_e is either unconnected or has no load
WARNING: [Synth 8-7129] Port test_adc2_in[8] in module zynq_ultra_ps_e_v3_4_1_zynq_ultra_ps_e is either unconnected or has no load
WARNING: [Synth 8-7129] Port test_adc2_in[7] in module zynq_ultra_ps_e_v3_4_1_zynq_ultra_ps_e is either unconnected or has no load
INFO: [Common 17-14] Message 'Synth 8-7129' appears 100 times and further instances of the messages will be disabled. Use the Tcl command set_msg_config to change the current settings.
---------------------------------------------------------------------------------
Finished RTL Elaboration : Time (s): cpu = 00:00:26 ; elapsed = 00:00:28 . Memory (MB): peak = 2075.164 ; gain = 608.652
---------------------------------------------------------------------------------
---------------------------------------------------------------------------------
Start Handling Custom Attributes
---------------------------------------------------------------------------------
---------------------------------------------------------------------------------
Finished Handling Custom Attributes : Time (s): cpu = 00:00:26 ; elapsed = 00:00:28 . Memory (MB): peak = 2075.164 ; gain = 608.652
---------------------------------------------------------------------------------
---------------------------------------------------------------------------------
Finished RTL Optimization Phase 1 : Time (s): cpu = 00:00:26 ; elapsed = 00:00:28 . Memory (MB): peak = 2075.164 ; gain = 608.652
---------------------------------------------------------------------------------
Netlist sorting complete. Time (s): cpu = 00:00:00 ; elapsed = 00:00:00.560 . Memory (MB): peak = 2084.492 ; gain = 0.000
INFO: [Netlist 29-17] Analyzing 13 Unisim elements for replacement
INFO: [Netlist 29-28] Unisim Transformation completed in 0 CPU seconds
INFO: [Project 1-570] Preparing netlist for logic optimization

Processing XDC Constraints
Initializing timing engine
Parsing XDC File [f:/Repository/Vivado/SoC/Sum-IP/Sum-IP.gen/sources_1/bd/design_1/ip/design_1_zynq_ultra_ps_e_0_0/design_1_zynq_ultra_ps_e_0_0.xdc] for cell 'design_1_i/zynq_ultra_ps_e_0/inst'
create_clock: Time (s): cpu = 00:00:05 ; elapsed = 00:00:06 . Memory (MB): peak = 2187.566 ; gain = 19.945
Finished Parsing XDC File [f:/Repository/Vivado/SoC/Sum-IP/Sum-IP.gen/sources_1/bd/design_1/ip/design_1_zynq_ultra_ps_e_0_0/design_1_zynq_ultra_ps_e_0_0.xdc] for cell 'design_1_i/zynq_ultra_ps_e_0/inst'
Parsing XDC File [f:/Repository/Vivado/SoC/Sum-IP/Sum-IP.gen/sources_1/bd/design_1/ip/design_1_rst_ps8_0_99M_0/design_1_rst_ps8_0_99M_0_board.xdc] for cell 'design_1_i/rst_ps8_0_99M/U0'
Finished Parsing XDC File [f:/Repository/Vivado/SoC/Sum-IP/Sum-IP.gen/sources_1/bd/design_1/ip/design_1_rst_ps8_0_99M_0/design_1_rst_ps8_0_99M_0_board.xdc] for cell 'design_1_i/rst_ps8_0_99M/U0'
Parsing XDC File [f:/Repository/Vivado/SoC/Sum-IP/Sum-IP.gen/sources_1/bd/design_1/ip/design_1_rst_ps8_0_99M_0/design_1_rst_ps8_0_99M_0.xdc] for cell 'design_1_i/rst_ps8_0_99M/U0'
Finished Parsing XDC File [f:/Repository/Vivado/SoC/Sum-IP/Sum-IP.gen/sources_1/bd/design_1/ip/design_1_rst_ps8_0_99M_0/design_1_rst_ps8_0_99M_0.xdc] for cell 'design_1_i/rst_ps8_0_99M/U0'
Parsing XDC File [F:/Repository/Vivado/SoC/Sum-IP/Sum-IP.runs/synth_1/dont_touch.xdc]
Finished Parsing XDC File [F:/Repository/Vivado/SoC/Sum-IP/Sum-IP.runs/synth_1/dont_touch.xdc]
INFO: [Project 1-236] Implementation specific constraints were found while reading constraint file [F:/Repository/Vivado/SoC/Sum-IP/Sum-IP.runs/synth_1/dont_touch.xdc]. These constraints will be ignored for synthesis but will be used in implementation. Impacted constraints are listed in the file [.Xil/design_1_wrapper_propImpl.xdc].
Resolution: To avoid this warning, move constraints listed in [.Xil/design_1_wrapper_propImpl.xdc] to another XDC file and exclude this new file from synthesis with the used_in_synthesis property (File Properties dialog in GUI) and re-run elaboration/synthesis.
INFO: [Project 1-1714] 6 XPM XDC files have been applied to the design.
Completed Processing XDC Constraints

Netlist sorting complete. Time (s): cpu = 00:00:00 ; elapsed = 00:00:00.005 . Memory (MB): peak = 2187.566 ; gain = 0.000
INFO: [Project 1-111] Unisim Transformation Summary:
  A total of 13 instances were transformed.
  FDR => FDRE: 12 instances
  SRL16 => SRL16E: 1 instance 

Constraint Validation Runtime : Time (s): cpu = 00:00:00 ; elapsed = 00:00:00.104 . Memory (MB): peak = 2187.566 ; gain = 0.000
INFO: [Designutils 20-5440] No compile time benefit to using incremental synthesis; A full resynthesis will be run
INFO: [Designutils 20-4379] Flow is switching to default flow due to incremental criteria not met. If you would like to alter this behaviour and have the flow terminate instead, please set the following parameter config_implementation {autoIncr.Synth.RejectBehavior Terminate}
INFO: [Synth 8-11241] undeclared symbol 'REGCCE', assumed default net type 'wire' [F:/Xilinx/Vivado/2022.2/data/verilog/src/unimacro/BRAM_SINGLE_MACRO.v:2170]
---------------------------------------------------------------------------------
Finished Constraint Validation : Time (s): cpu = 00:00:48 ; elapsed = 00:00:50 . Memory (MB): peak = 2187.566 ; gain = 721.055
---------------------------------------------------------------------------------
---------------------------------------------------------------------------------
Start Loading Part and Timing Information
---------------------------------------------------------------------------------
Loading part: xck26-sfvc784-2LV-c
INFO: [Synth 8-6742] Reading net delay rules and data
---------------------------------------------------------------------------------
Finished Loading Part and Timing Information : Time (s): cpu = 00:00:48 ; elapsed = 00:00:50 . Memory (MB): peak = 2187.566 ; gain = 721.055
---------------------------------------------------------------------------------
---------------------------------------------------------------------------------
Start Applying 'set_property' XDC Constraints
---------------------------------------------------------------------------------
Applied set_property DONT_TOUCH = true for design_1_i/zynq_ultra_ps_e_0/inst/PS8_i. (constraint file  f:/Repository/Vivado/SoC/Sum-IP/Sum-IP.gen/sources_1/bd/design_1/ip/design_1_zynq_ultra_ps_e_0_0/design_1_zynq_ultra_ps_e_0_0.xdc, line 26).
Applied set_property KEEP_HIERARCHY = SOFT for design_1_i/zynq_ultra_ps_e_0/inst. (constraint file  F:/Repository/Vivado/SoC/Sum-IP/Sum-IP.runs/synth_1/dont_touch.xdc, line 37).
Applied set_property KEEP_HIERARCHY = SOFT for design_1_i/rst_ps8_0_99M/U0. (constraint file  F:/Repository/Vivado/SoC/Sum-IP/Sum-IP.runs/synth_1/dont_touch.xdc, line 40).
Applied set_property KEEP_HIERARCHY = SOFT for design_1_i/ps8_0_axi_periph/s00_couplers/auto_ds/inst. (constraint file  F:/Repository/Vivado/SoC/Sum-IP/Sum-IP.runs/synth_1/dont_touch.xdc, line 46).
Applied set_property KEEP_HIERARCHY = SOFT for design_1_i/ps8_0_axi_periph/s01_couplers/auto_ds/inst. (constraint file  F:/Repository/Vivado/SoC/Sum-IP/Sum-IP.runs/synth_1/dont_touch.xdc, line 53).
Applied set_property KEEP_HIERARCHY = SOFT for design_1_i. (constraint file  auto generated constraint).
Applied set_property KEEP_HIERARCHY = SOFT for design_1_i/zynq_ultra_ps_e_0. (constraint file  auto generated constraint).
Applied set_property KEEP_HIERARCHY = SOFT for design_1_i/ps8_0_axi_periph/xbar. (constraint file  auto generated constraint).
Applied set_property KEEP_HIERARCHY = SOFT for design_1_i/ps8_0_axi_periph/s00_couplers/auto_ds. (constraint file  auto generated constraint).
Applied set_property KEEP_HIERARCHY = SOFT for design_1_i/ps8_0_axi_periph/s00_couplers/auto_pc. (constraint file  auto generated constraint).
Applied set_property KEEP_HIERARCHY = SOFT for design_1_i/ps8_0_axi_periph/s01_couplers/auto_ds. (constraint file  auto generated constraint).
Applied set_property KEEP_HIERARCHY = SOFT for design_1_i/ps8_0_axi_periph/s01_couplers/auto_pc. (constraint file  auto generated constraint).
Applied set_property KEEP_HIERARCHY = SOFT for design_1_i/ps8_0_axi_periph. (constraint file  auto generated constraint).
Applied set_property KEEP_HIERARCHY = SOFT for design_1_i/rst_ps8_0_99M. (constraint file  auto generated constraint).
Applied set_property KEEP_HIERARCHY = SOFT for design_1_i/MY_IP_v1_0_S00_AXI_0. (constraint file  auto generated constraint).
Applied set_property KEEP_HIERARCHY = SOFT for design_1_i/ps8_0_axi_periph/s00_couplers/auto_ds/inst/\gen_downsizer.gen_simple_downsizer.axi_downsizer_inst /\USE_WRITE.write_addr_inst /\USE_B_CHANNEL.cmd_b_queue /inst/fifo_gen_inst/inst_fifo_gen/\gconvfifo.rf /\grf.rf /rstblk/\ngwrdrst.grst.g7serrst.gnsckt_wrst.rst_wr_reg2_inst . (constraint file  auto generated constraint).
Applied set_property KEEP_HIERARCHY = SOFT for design_1_i/ps8_0_axi_periph/s00_couplers/auto_ds/inst/\gen_downsizer.gen_simple_downsizer.axi_downsizer_inst /\USE_WRITE.write_addr_inst /cmd_queue/inst/fifo_gen_inst/inst_fifo_gen/\gconvfifo.rf /\grf.rf /rstblk/\ngwrdrst.grst.g7serrst.gnsckt_wrst.rst_wr_reg2_inst . (constraint file  auto generated constraint).
Applied set_property KEEP_HIERARCHY = SOFT for design_1_i/ps8_0_axi_periph/s00_couplers/auto_ds/inst/\gen_downsizer.gen_simple_downsizer.axi_downsizer_inst /\USE_READ.read_addr_inst /cmd_queue/inst/fifo_gen_inst/inst_fifo_gen/\gconvfifo.rf /\grf.rf /rstblk/\ngwrdrst.grst.g7serrst.gnsckt_wrst.rst_wr_reg2_inst . (constraint file  auto generated constraint).
Applied set_property KEEP_HIERARCHY = SOFT for design_1_i/ps8_0_axi_periph/s01_couplers/auto_ds/inst/\gen_downsizer.gen_simple_downsizer.axi_downsizer_inst /\USE_WRITE.write_addr_inst /\USE_B_CHANNEL.cmd_b_queue /inst/fifo_gen_inst/inst_fifo_gen/\gconvfifo.rf /\grf.rf /rstblk/\ngwrdrst.grst.g7serrst.gnsckt_wrst.rst_wr_reg2_inst . (constraint file  auto generated constraint).
Applied set_property KEEP_HIERARCHY = SOFT for design_1_i/ps8_0_axi_periph/s01_couplers/auto_ds/inst/\gen_downsizer.gen_simple_downsizer.axi_downsizer_inst /\USE_WRITE.write_addr_inst /cmd_queue/inst/fifo_gen_inst/inst_fifo_gen/\gconvfifo.rf /\grf.rf /rstblk/\ngwrdrst.grst.g7serrst.gnsckt_wrst.rst_wr_reg2_inst . (constraint file  auto generated constraint).
Applied set_property KEEP_HIERARCHY = SOFT for design_1_i/ps8_0_axi_periph/s01_couplers/auto_ds/inst/\gen_downsizer.gen_simple_downsizer.axi_downsizer_inst /\USE_READ.read_addr_inst /cmd_queue/inst/fifo_gen_inst/inst_fifo_gen/\gconvfifo.rf /\grf.rf /rstblk/\ngwrdrst.grst.g7serrst.gnsckt_wrst.rst_wr_reg2_inst . (constraint file  auto generated constraint).
---------------------------------------------------------------------------------
Finished applying 'set_property' XDC Constraints : Time (s): cpu = 00:00:48 ; elapsed = 00:00:50 . Memory (MB): peak = 2187.566 ; gain = 721.055
---------------------------------------------------------------------------------
INFO: [Synth 8-802] inferred FSM for state register 'gpregsm1.curr_fwft_state_reg' in module 'rd_fwft'
INFO: [Synth 8-802] inferred FSM for state register 'state_reg' in module 'axi_protocol_converter_v2_1_27_b2s_wr_cmd_fsm'
INFO: [Synth 8-802] inferred FSM for state register 'state_reg' in module 'axi_protocol_converter_v2_1_27_b2s_rd_cmd_fsm'
INFO: [Synth 8-6159] Found Keep on FSM register 'gpregsm1.curr_fwft_state_reg' in module 'rd_fwft', re-encoding will not be performed
---------------------------------------------------------------------------------------------------
                   State |                     New Encoding |                Previous Encoding 
---------------------------------------------------------------------------------------------------
                 invalid |                               00 |                               00
            stage1_valid |                               10 |                               10
       both_stages_valid |                               11 |                               11
            stage2_valid |                               01 |                               01
---------------------------------------------------------------------------------------------------
---------------------------------------------------------------------------------------------------
                   State |                     New Encoding |                Previous Encoding 
---------------------------------------------------------------------------------------------------
                 SM_IDLE |                               01 |                               00
               SM_CMD_EN |                               11 |                               01
         SM_CMD_ACCEPTED |                               10 |                               10
            SM_DONE_WAIT |                               00 |                               11
---------------------------------------------------------------------------------------------------
INFO: [Synth 8-3354] encoded FSM with state register 'state_reg' using encoding 'sequential' in module 'axi_protocol_converter_v2_1_27_b2s_wr_cmd_fsm'
---------------------------------------------------------------------------------------------------
                   State |                     New Encoding |                Previous Encoding 
---------------------------------------------------------------------------------------------------
                 SM_IDLE |                               01 |                               00
               SM_CMD_EN |                               11 |                               01
         SM_CMD_ACCEPTED |                               10 |                               10
                 SM_DONE |                               00 |                               11
---------------------------------------------------------------------------------------------------
INFO: [Synth 8-3354] encoded FSM with state register 'state_reg' using encoding 'sequential' in module 'axi_protocol_converter_v2_1_27_b2s_rd_cmd_fsm'
---------------------------------------------------------------------------------
Finished RTL Optimization Phase 2 : Time (s): cpu = 00:00:52 ; elapsed = 00:00:55 . Memory (MB): peak = 2187.566 ; gain = 721.055
---------------------------------------------------------------------------------
---------------------------------------------------------------------------------
Start RTL Component Statistics 
---------------------------------------------------------------------------------
Detailed RTL Component Info : 
+---Adders : 
	   2 Input   40 Bit       Adders := 4     
	   2 Input   32 Bit       Adders := 1     
	   2 Input   12 Bit       Adders := 16    
	   2 Input    9 Bit       Adders := 4     
	   2 Input    8 Bit       Adders := 16    
	   3 Input    8 Bit       Adders := 4     
	   2 Input    6 Bit       Adders := 5     
	   2 Input    5 Bit       Adders := 20    
	   2 Input    4 Bit       Adders := 16    
	   2 Input    2 Bit       Adders := 4     
+---XORs : 
	   2 Input      1 Bit         XORs := 120   
+---Registers : 
	               72 Bit    Registers := 1     
	               70 Bit    Registers := 8     
	               40 Bit    Registers := 18    
	               36 Bit    Registers := 6     
	               32 Bit    Registers := 10    
	               29 Bit    Registers := 8     
	               16 Bit    Registers := 8     
	               12 Bit    Registers := 16    
	               10 Bit    Registers := 1     
	                9 Bit    Registers := 8     
	                8 Bit    Registers := 30    
	                7 Bit    Registers := 4     
	                6 Bit    Registers := 5     
	                5 Bit    Registers := 36    
	                4 Bit    Registers := 42    
	                3 Bit    Registers := 16    
	                2 Bit    Registers := 46    
	                1 Bit    Registers := 215   
+---Multipliers : 
	              32x32  Multipliers := 1     
+---Muxes : 
	   2 Input   72 Bit        Muxes := 2     
	   2 Input   70 Bit        Muxes := 8     
	   8 Input   40 Bit        Muxes := 4     
	   2 Input   40 Bit        Muxes := 24    
	   2 Input   36 Bit        Muxes := 6     
	   2 Input   32 Bit        Muxes := 9     
	   4 Input   32 Bit        Muxes := 2     
	   2 Input   12 Bit        Muxes := 16    
	   2 Input   10 Bit        Muxes := 3     
	   2 Input    9 Bit        Muxes := 8     
	   2 Input    8 Bit        Muxes := 22    
	   8 Input    7 Bit        Muxes := 4     
	   2 Input    6 Bit        Muxes := 1     
	   8 Input    5 Bit        Muxes := 4     
	   2 Input    5 Bit        Muxes := 8     
	   2 Input    4 Bit        Muxes := 44    
	   8 Input    4 Bit        Muxes := 8     
	   2 Input    3 Bit        Muxes := 8     
	   2 Input    2 Bit        Muxes := 123   
	   4 Input    2 Bit        Muxes := 14    
	   5 Input    2 Bit        Muxes := 6     
	   2 Input    1 Bit        Muxes := 130   
	   3 Input    1 Bit        Muxes := 6     
	   4 Input    1 Bit        Muxes := 14    
---------------------------------------------------------------------------------
Finished RTL Component Statistics 
---------------------------------------------------------------------------------
---------------------------------------------------------------------------------
Start Part Resource Summary
---------------------------------------------------------------------------------
Part Resources:
DSPs: 1248 (col length:96)
BRAMs: 288 (col length: RAMB18 96 RAMB36 48)
---------------------------------------------------------------------------------
Finished Part Resource Summary
---------------------------------------------------------------------------------
---------------------------------------------------------------------------------
Start Cross Boundary and Area Optimization
---------------------------------------------------------------------------------
WARNING: [Synth 8-7080] Parallel synthesis criteria is not met
DSP Report: Generating DSP inst/compute_inst/u_sum/sum1, operation Mode is: (D+(A:0x1))*B.
DSP Report: operator inst/compute_inst/u_sum/sum1 is absorbed into DSP inst/compute_inst/u_sum/sum1.
DSP Report: operator inst/compute_inst/u_sum/sum2 is absorbed into DSP inst/compute_inst/u_sum/sum1.
INFO: [Synth 8-3936] Found unconnected internal register 'inst/gen_axilite.gen_b2s_conv.axilite_b2s/SI_REG/aw.aw_pipe/m_payload_i_reg' and it is trimmed from '70' to '62' bits. [f:/Repository/Vivado/SoC/Sum-IP/Sum-IP.gen/sources_1/bd/design_1/ipshared/f0b4/hdl/axi_register_slice_v2_1_vl_rfs.v:1731]
INFO: [Synth 8-3936] Found unconnected internal register 'inst/gen_axilite.gen_b2s_conv.axilite_b2s/SI_REG/b.b_pipe/m_payload_i_reg' and it is trimmed from '3' to '2' bits. [f:/Repository/Vivado/SoC/Sum-IP/Sum-IP.gen/sources_1/bd/design_1/ipshared/f0b4/hdl/axi_register_slice_v2_1_vl_rfs.v:1731]
INFO: [Synth 8-3936] Found unconnected internal register 'inst/gen_axilite.gen_b2s_conv.axilite_b2s/SI_REG/ar.ar_pipe/m_payload_i_reg' and it is trimmed from '70' to '62' bits. [f:/Repository/Vivado/SoC/Sum-IP/Sum-IP.gen/sources_1/bd/design_1/ipshared/f0b4/hdl/axi_register_slice_v2_1_vl_rfs.v:1731]
INFO: [Synth 8-3936] Found unconnected internal register 'inst/gen_axilite.gen_b2s_conv.axilite_b2s/SI_REG/r.r_pipe/m_payload_i_reg' and it is trimmed from '36' to '35' bits. [f:/Repository/Vivado/SoC/Sum-IP/Sum-IP.gen/sources_1/bd/design_1/ipshared/f0b4/hdl/axi_register_slice_v2_1_vl_rfs.v:1731]
INFO: [Synth 8-3936] Found unconnected internal register 'inst/gen_axilite.gen_b2s_conv.axilite_b2s/SI_REG/aw.aw_pipe/m_payload_i_reg' and it is trimmed from '70' to '62' bits. [f:/Repository/Vivado/SoC/Sum-IP/Sum-IP.gen/sources_1/bd/design_1/ipshared/f0b4/hdl/axi_register_slice_v2_1_vl_rfs.v:1731]
INFO: [Synth 8-3936] Found unconnected internal register 'inst/gen_axilite.gen_b2s_conv.axilite_b2s/SI_REG/b.b_pipe/m_payload_i_reg' and it is trimmed from '3' to '2' bits. [f:/Repository/Vivado/SoC/Sum-IP/Sum-IP.gen/sources_1/bd/design_1/ipshared/f0b4/hdl/axi_register_slice_v2_1_vl_rfs.v:1731]
INFO: [Synth 8-3936] Found unconnected internal register 'inst/gen_axilite.gen_b2s_conv.axilite_b2s/SI_REG/ar.ar_pipe/m_payload_i_reg' and it is trimmed from '70' to '62' bits. [f:/Repository/Vivado/SoC/Sum-IP/Sum-IP.gen/sources_1/bd/design_1/ipshared/f0b4/hdl/axi_register_slice_v2_1_vl_rfs.v:1731]
INFO: [Synth 8-3936] Found unconnected internal register 'inst/gen_axilite.gen_b2s_conv.axilite_b2s/SI_REG/r.r_pipe/m_payload_i_reg' and it is trimmed from '36' to '35' bits. [f:/Repository/Vivado/SoC/Sum-IP/Sum-IP.gen/sources_1/bd/design_1/ipshared/f0b4/hdl/axi_register_slice_v2_1_vl_rfs.v:1731]
INFO: [Synth 8-3936] Found unconnected internal register 'inst/gen_sasd.crossbar_sasd_0/reg_slice_r/m_payload_i_reg' and it is trimmed from '36' to '35' bits. [f:/Repository/Vivado/SoC/Sum-IP/Sum-IP.gen/sources_1/bd/design_1/ipshared/f0b4/hdl/axi_register_slice_v2_1_vl_rfs.v:1731]
WARNING: [Synth 8-3332] Sequential element (EXT_LPF/ACTIVE_LOW_EXT.ACT_LO_EXT/GENERATE_LEVEL_P_S_CDC.SINGLE_BIT.CROSS_PLEVEL_IN2SCNDRY_s_level_out_d5) is unused and will be removed from module proc_sys_reset.
WARNING: [Synth 8-3332] Sequential element (EXT_LPF/ACTIVE_LOW_EXT.ACT_LO_EXT/GENERATE_LEVEL_P_S_CDC.SINGLE_BIT.CROSS_PLEVEL_IN2SCNDRY_s_level_out_d6) is unused and will be removed from module proc_sys_reset.
WARNING: [Synth 8-3332] Sequential element (EXT_LPF/ACTIVE_LOW_AUX.ACT_LO_AUX/GENERATE_LEVEL_P_S_CDC.SINGLE_BIT.CROSS_PLEVEL_IN2SCNDRY_s_level_out_d5) is unused and will be removed from module proc_sys_reset.
WARNING: [Synth 8-3332] Sequential element (EXT_LPF/ACTIVE_LOW_AUX.ACT_LO_AUX/GENERATE_LEVEL_P_S_CDC.SINGLE_BIT.CROSS_PLEVEL_IN2SCNDRY_s_level_out_d6) is unused and will be removed from module proc_sys_reset.
WARNING: [Synth 8-3332] Sequential element (FDRE_inst) is unused and will be removed from module proc_sys_reset.
WARNING: [Synth 8-3332] Sequential element (BSR_OUT_DFF[0].FDRE_BSR) is unused and will be removed from module proc_sys_reset.
WARNING: [Synth 8-3332] Sequential element (ACTIVE_LOW_BSR_OUT_DFF[0].FDRE_BSR_N) is unused and will be removed from module proc_sys_reset.
WARNING: [Synth 8-3332] Sequential element (PR_OUT_DFF[0].FDRE_PER) is unused and will be removed from module proc_sys_reset.
---------------------------------------------------------------------------------
Finished Cross Boundary and Area Optimization : Time (s): cpu = 00:01:13 ; elapsed = 00:01:16 . Memory (MB): peak = 2187.566 ; gain = 721.055
---------------------------------------------------------------------------------
---------------------------------------------------------------------------------
Start ROM, RAM, DSP, Shift Register and Retiming Reporting
---------------------------------------------------------------------------------

Distributed RAM: Preliminary Mapping Report (see note below)
+---------------------------------------------------------------------------------------------------------------------------------------------------------------------------------------+-------------------------------------------------------------------------------+----------------+----------------------+---------------+
|Module Name                                                                                                                                                                            | RTL Object                                                                    | Inference      | Size (Depth x Width) | Primitives    | 
+---------------------------------------------------------------------------------------------------------------------------------------------------------------------------------------+-------------------------------------------------------------------------------+----------------+----------------------+---------------+
|design_1_i/ps8_0_axi_periph/\s00_couplers/auto_ds /inst/\gen_downsizer.gen_simple_downsizer.axi_downsizer_inst/USE_WRITE.write_addr_inst/USE_B_CHANNEL.cmd_b_queue/inst/fifo_gen_inst  | inst_fifo_gen/gconvfifo.rf/grf.rf/gntv_or_sync_fifo.mem/gdm.dm_gen.dm/RAM_reg | User Attribute | 32 x 9               | RAM32M16 x 1  | 
|design_1_i/ps8_0_axi_periph/\s00_couplers/auto_ds /inst/\gen_downsizer.gen_simple_downsizer.axi_downsizer_inst/USE_WRITE.write_addr_inst/cmd_queue/inst/fifo_gen_inst                  | inst_fifo_gen/gconvfifo.rf/grf.rf/gntv_or_sync_fifo.mem/gdm.dm_gen.dm/RAM_reg | User Attribute | 32 x 29              | RAM32M16 x 3  | 
|design_1_i/ps8_0_axi_periph/\s00_couplers/auto_ds /inst/\gen_downsizer.gen_simple_downsizer.axi_downsizer_inst/USE_READ.read_addr_inst/cmd_queue/inst/fifo_gen_inst                    | inst_fifo_gen/gconvfifo.rf/grf.rf/gntv_or_sync_fifo.mem/gdm.dm_gen.dm/RAM_reg | User Attribute | 32 x 29              | RAM32M16 x 3  | 
|design_1_i/ps8_0_axi_periph/\s01_couplers/auto_ds /inst/\gen_downsizer.gen_simple_downsizer.axi_downsizer_inst/USE_WRITE.write_addr_inst/USE_B_CHANNEL.cmd_b_queue/inst/fifo_gen_inst  | inst_fifo_gen/gconvfifo.rf/grf.rf/gntv_or_sync_fifo.mem/gdm.dm_gen.dm/RAM_reg | User Attribute | 32 x 9               | RAM32M16 x 1  | 
|design_1_i/ps8_0_axi_periph/\s01_couplers/auto_ds /inst/\gen_downsizer.gen_simple_downsizer.axi_downsizer_inst/USE_WRITE.write_addr_inst/cmd_queue/inst/fifo_gen_inst                  | inst_fifo_gen/gconvfifo.rf/grf.rf/gntv_or_sync_fifo.mem/gdm.dm_gen.dm/RAM_reg | User Attribute | 32 x 29              | RAM32M16 x 3  | 
|design_1_i/ps8_0_axi_periph/\s01_couplers/auto_ds /inst/\gen_downsizer.gen_simple_downsizer.axi_downsizer_inst/USE_READ.read_addr_inst/cmd_queue/inst/fifo_gen_inst                    | inst_fifo_gen/gconvfifo.rf/grf.rf/gntv_or_sync_fifo.mem/gdm.dm_gen.dm/RAM_reg | User Attribute | 32 x 29              | RAM32M16 x 3  | 
+---------------------------------------------------------------------------------------------------------------------------------------------------------------------------------------+-------------------------------------------------------------------------------+----------------+----------------------+---------------+

Note: The table above is a preliminary report that shows the Distributed RAMs at the current stage of the synthesis flow. Some Distributed RAMs may be reimplemented as non Distributed RAM primitives later in the synthesis flow. Multiple instantiated RAMs are reported only once.

DSP: Preliminary Mapping Report (see note below. The ' indicates corresponding REG is set)
+--------------------------------+---------------+--------+--------+--------+--------+--------+------+------+------+------+-------+------+------+
|Module Name                     | DSP Mapping   | A Size | B Size | C Size | D Size | P Size | AREG | BREG | CREG | DREG | ADREG | MREG | PREG | 
+--------------------------------+---------------+--------+--------+--------+--------+--------+------+------+------+------+-------+------+------+
|design_1_MY_IP_v1_0_S00_AXI_0_0 | (D+(A:0x1))*B | 1      | 11     | -      | 11     | 22     | 0    | 0    | -    | 0    | 0     | 0    | 0    | 
+--------------------------------+---------------+--------+--------+--------+--------+--------+------+------+------+------+-------+------+------+

Note: The table above is a preliminary report that shows the DSPs inferred at the current stage of the synthesis flow. Some DSP may be reimplemented as non DSP primitives later in the synthesis flow. Multiple instantiated DSPs are reported only once.
---------------------------------------------------------------------------------
Finished ROM, RAM, DSP, Shift Register and Retiming Reporting
---------------------------------------------------------------------------------
---------------------------------------------------------------------------------
Start Applying XDC Timing Constraints
---------------------------------------------------------------------------------
---------------------------------------------------------------------------------
Finished Applying XDC Timing Constraints : Time (s): cpu = 00:01:36 ; elapsed = 00:01:41 . Memory (MB): peak = 3502.043 ; gain = 2035.531
---------------------------------------------------------------------------------
---------------------------------------------------------------------------------
Start Timing Optimization
---------------------------------------------------------------------------------
---------------------------------------------------------------------------------
Finished Timing Optimization : Time (s): cpu = 00:01:42 ; elapsed = 00:01:47 . Memory (MB): peak = 3601.871 ; gain = 2135.359
---------------------------------------------------------------------------------
---------------------------------------------------------------------------------
Start ROM, RAM, DSP, Shift Register and Retiming Reporting
---------------------------------------------------------------------------------

Distributed RAM: Final Mapping Report
+---------------------------------------------------------------------------------------------------------------------------------------------------------------------------------------+-------------------------------------------------------------------------------+----------------+----------------------+---------------+
|Module Name                                                                                                                                                                            | RTL Object                                                                    | Inference      | Size (Depth x Width) | Primitives    | 
+---------------------------------------------------------------------------------------------------------------------------------------------------------------------------------------+-------------------------------------------------------------------------------+----------------+----------------------+---------------+
|design_1_i/ps8_0_axi_periph/\s00_couplers/auto_ds /inst/\gen_downsizer.gen_simple_downsizer.axi_downsizer_inst/USE_WRITE.write_addr_inst/USE_B_CHANNEL.cmd_b_queue/inst/fifo_gen_inst  | inst_fifo_gen/gconvfifo.rf/grf.rf/gntv_or_sync_fifo.mem/gdm.dm_gen.dm/RAM_reg | User Attribute | 32 x 9               | RAM32M16 x 1  | 
|design_1_i/ps8_0_axi_periph/\s00_couplers/auto_ds /inst/\gen_downsizer.gen_simple_downsizer.axi_downsizer_inst/USE_WRITE.write_addr_inst/cmd_queue/inst/fifo_gen_inst                  | inst_fifo_gen/gconvfifo.rf/grf.rf/gntv_or_sync_fifo.mem/gdm.dm_gen.dm/RAM_reg | User Attribute | 32 x 29              | RAM32M16 x 3  | 
|design_1_i/ps8_0_axi_periph/\s00_couplers/auto_ds /inst/\gen_downsizer.gen_simple_downsizer.axi_downsizer_inst/USE_READ.read_addr_inst/cmd_queue/inst/fifo_gen_inst                    | inst_fifo_gen/gconvfifo.rf/grf.rf/gntv_or_sync_fifo.mem/gdm.dm_gen.dm/RAM_reg | User Attribute | 32 x 29              | RAM32M16 x 3  | 
|design_1_i/ps8_0_axi_periph/\s01_couplers/auto_ds /inst/\gen_downsizer.gen_simple_downsizer.axi_downsizer_inst/USE_WRITE.write_addr_inst/USE_B_CHANNEL.cmd_b_queue/inst/fifo_gen_inst  | inst_fifo_gen/gconvfifo.rf/grf.rf/gntv_or_sync_fifo.mem/gdm.dm_gen.dm/RAM_reg | User Attribute | 32 x 9               | RAM32M16 x 1  | 
|design_1_i/ps8_0_axi_periph/\s01_couplers/auto_ds /inst/\gen_downsizer.gen_simple_downsizer.axi_downsizer_inst/USE_WRITE.write_addr_inst/cmd_queue/inst/fifo_gen_inst                  | inst_fifo_gen/gconvfifo.rf/grf.rf/gntv_or_sync_fifo.mem/gdm.dm_gen.dm/RAM_reg | User Attribute | 32 x 29              | RAM32M16 x 3  | 
|design_1_i/ps8_0_axi_periph/\s01_couplers/auto_ds /inst/\gen_downsizer.gen_simple_downsizer.axi_downsizer_inst/USE_READ.read_addr_inst/cmd_queue/inst/fifo_gen_inst                    | inst_fifo_gen/gconvfifo.rf/grf.rf/gntv_or_sync_fifo.mem/gdm.dm_gen.dm/RAM_reg | User Attribute | 32 x 29              | RAM32M16 x 3  | 
+---------------------------------------------------------------------------------------------------------------------------------------------------------------------------------------+-------------------------------------------------------------------------------+----------------+----------------------+---------------+

---------------------------------------------------------------------------------
Finished ROM, RAM, DSP, Shift Register and Retiming Reporting
---------------------------------------------------------------------------------
---------------------------------------------------------------------------------
Start Technology Mapping
---------------------------------------------------------------------------------
---------------------------------------------------------------------------------
Finished Technology Mapping : Time (s): cpu = 00:01:46 ; elapsed = 00:01:51 . Memory (MB): peak = 3619.977 ; gain = 2153.465
---------------------------------------------------------------------------------
---------------------------------------------------------------------------------
Start IO Insertion
---------------------------------------------------------------------------------
---------------------------------------------------------------------------------
Start Flattening Before IO Insertion
---------------------------------------------------------------------------------
---------------------------------------------------------------------------------
Finished Flattening Before IO Insertion
---------------------------------------------------------------------------------
---------------------------------------------------------------------------------
Start Final Netlist Cleanup
---------------------------------------------------------------------------------
---------------------------------------------------------------------------------
Finished Final Netlist Cleanup
---------------------------------------------------------------------------------
WARNING: [Synth 8-3295] tying undriven pin trace_ctl_pipe[0]_inferred:in0 to constant 0
WARNING: [Synth 8-3295] tying undriven pin trace_data_pipe[0]_inferred:in0[31] to constant 0
WARNING: [Synth 8-3295] tying undriven pin trace_data_pipe[0]_inferred:in0[30] to constant 0
WARNING: [Synth 8-3295] tying undriven pin trace_data_pipe[0]_inferred:in0[29] to constant 0
WARNING: [Synth 8-3295] tying undriven pin trace_data_pipe[0]_inferred:in0[28] to constant 0
WARNING: [Synth 8-3295] tying undriven pin trace_data_pipe[0]_inferred:in0[27] to constant 0
WARNING: [Synth 8-3295] tying undriven pin trace_data_pipe[0]_inferred:in0[26] to constant 0
WARNING: [Synth 8-3295] tying undriven pin trace_data_pipe[0]_inferred:in0[25] to constant 0
WARNING: [Synth 8-3295] tying undriven pin trace_data_pipe[0]_inferred:in0[24] to constant 0
WARNING: [Synth 8-3295] tying undriven pin trace_data_pipe[0]_inferred:in0[23] to constant 0
WARNING: [Synth 8-3295] tying undriven pin trace_data_pipe[0]_inferred:in0[22] to constant 0
WARNING: [Synth 8-3295] tying undriven pin trace_data_pipe[0]_inferred:in0[21] to constant 0
WARNING: [Synth 8-3295] tying undriven pin trace_data_pipe[0]_inferred:in0[20] to constant 0
WARNING: [Synth 8-3295] tying undriven pin trace_data_pipe[0]_inferred:in0[19] to constant 0
WARNING: [Synth 8-3295] tying undriven pin trace_data_pipe[0]_inferred:in0[18] to constant 0
WARNING: [Synth 8-3295] tying undriven pin trace_data_pipe[0]_inferred:in0[17] to constant 0
WARNING: [Synth 8-3295] tying undriven pin trace_data_pipe[0]_inferred:in0[16] to constant 0
WARNING: [Synth 8-3295] tying undriven pin trace_data_pipe[0]_inferred:in0[15] to constant 0
WARNING: [Synth 8-3295] tying undriven pin trace_data_pipe[0]_inferred:in0[14] to constant 0
WARNING: [Synth 8-3295] tying undriven pin trace_data_pipe[0]_inferred:in0[13] to constant 0
WARNING: [Synth 8-3295] tying undriven pin trace_data_pipe[0]_inferred:in0[12] to constant 0
WARNING: [Synth 8-3295] tying undriven pin trace_data_pipe[0]_inferred:in0[11] to constant 0
WARNING: [Synth 8-3295] tying undriven pin trace_data_pipe[0]_inferred:in0[10] to constant 0
WARNING: [Synth 8-3295] tying undriven pin trace_data_pipe[0]_inferred:in0[9] to constant 0
WARNING: [Synth 8-3295] tying undriven pin trace_data_pipe[0]_inferred:in0[8] to constant 0
WARNING: [Synth 8-3295] tying undriven pin trace_data_pipe[0]_inferred:in0[7] to constant 0
WARNING: [Synth 8-3295] tying undriven pin trace_data_pipe[0]_inferred:in0[6] to constant 0
WARNING: [Synth 8-3295] tying undriven pin trace_data_pipe[0]_inferred:in0[5] to constant 0
WARNING: [Synth 8-3295] tying undriven pin trace_data_pipe[0]_inferred:in0[4] to constant 0
WARNING: [Synth 8-3295] tying undriven pin trace_data_pipe[0]_inferred:in0[3] to constant 0
WARNING: [Synth 8-3295] tying undriven pin trace_data_pipe[0]_inferred:in0[2] to constant 0
WARNING: [Synth 8-3295] tying undriven pin trace_data_pipe[0]_inferred:in0[1] to constant 0
WARNING: [Synth 8-3295] tying undriven pin trace_data_pipe[0]_inferred:in0[0] to constant 0
WARNING: [Synth 8-3295] tying undriven pin trace_ctl_pipe[7]_inferred:in0 to constant 0
WARNING: [Synth 8-3295] tying undriven pin trace_ctl_pipe[6]_inferred:in0 to constant 0
WARNING: [Synth 8-3295] tying undriven pin trace_ctl_pipe[5]_inferred:in0 to constant 0
WARNING: [Synth 8-3295] tying undriven pin trace_ctl_pipe[4]_inferred:in0 to constant 0
WARNING: [Synth 8-3295] tying undriven pin trace_ctl_pipe[3]_inferred:in0 to constant 0
WARNING: [Synth 8-3295] tying undriven pin trace_ctl_pipe[2]_inferred:in0 to constant 0
WARNING: [Synth 8-3295] tying undriven pin trace_ctl_pipe[1]_inferred:in0 to constant 0
WARNING: [Synth 8-3295] tying undriven pin trace_data_pipe[7]_inferred:in0[31] to constant 0
WARNING: [Synth 8-3295] tying undriven pin trace_data_pipe[7]_inferred:in0[30] to constant 0
WARNING: [Synth 8-3295] tying undriven pin trace_data_pipe[7]_inferred:in0[29] to constant 0
WARNING: [Synth 8-3295] tying undriven pin trace_data_pipe[7]_inferred:in0[28] to constant 0
WARNING: [Synth 8-3295] tying undriven pin trace_data_pipe[7]_inferred:in0[27] to constant 0
WARNING: [Synth 8-3295] tying undriven pin trace_data_pipe[7]_inferred:in0[26] to constant 0
WARNING: [Synth 8-3295] tying undriven pin trace_data_pipe[7]_inferred:in0[25] to constant 0
WARNING: [Synth 8-3295] tying undriven pin trace_data_pipe[7]_inferred:in0[24] to constant 0
WARNING: [Synth 8-3295] tying undriven pin trace_data_pipe[7]_inferred:in0[23] to constant 0
WARNING: [Synth 8-3295] tying undriven pin trace_data_pipe[7]_inferred:in0[22] to constant 0
WARNING: [Synth 8-3295] tying undriven pin trace_data_pipe[7]_inferred:in0[21] to constant 0
WARNING: [Synth 8-3295] tying undriven pin trace_data_pipe[7]_inferred:in0[20] to constant 0
WARNING: [Synth 8-3295] tying undriven pin trace_data_pipe[7]_inferred:in0[19] to constant 0
WARNING: [Synth 8-3295] tying undriven pin trace_data_pipe[7]_inferred:in0[18] to constant 0
WARNING: [Synth 8-3295] tying undriven pin trace_data_pipe[7]_inferred:in0[17] to constant 0
WARNING: [Synth 8-3295] tying undriven pin trace_data_pipe[7]_inferred:in0[16] to constant 0
WARNING: [Synth 8-3295] tying undriven pin trace_data_pipe[7]_inferred:in0[15] to constant 0
WARNING: [Synth 8-3295] tying undriven pin trace_data_pipe[7]_inferred:in0[14] to constant 0
WARNING: [Synth 8-3295] tying undriven pin trace_data_pipe[7]_inferred:in0[13] to constant 0
WARNING: [Synth 8-3295] tying undriven pin trace_data_pipe[7]_inferred:in0[12] to constant 0
WARNING: [Synth 8-3295] tying undriven pin trace_data_pipe[7]_inferred:in0[11] to constant 0
WARNING: [Synth 8-3295] tying undriven pin trace_data_pipe[7]_inferred:in0[10] to constant 0
WARNING: [Synth 8-3295] tying undriven pin trace_data_pipe[7]_inferred:in0[9] to constant 0
WARNING: [Synth 8-3295] tying undriven pin trace_data_pipe[7]_inferred:in0[8] to constant 0
WARNING: [Synth 8-3295] tying undriven pin trace_data_pipe[7]_inferred:in0[7] to constant 0
WARNING: [Synth 8-3295] tying undriven pin trace_data_pipe[7]_inferred:in0[6] to constant 0
WARNING: [Synth 8-3295] tying undriven pin trace_data_pipe[7]_inferred:in0[5] to constant 0
WARNING: [Synth 8-3295] tying undriven pin trace_data_pipe[7]_inferred:in0[4] to constant 0
WARNING: [Synth 8-3295] tying undriven pin trace_data_pipe[7]_inferred:in0[3] to constant 0
WARNING: [Synth 8-3295] tying undriven pin trace_data_pipe[7]_inferred:in0[2] to constant 0
WARNING: [Synth 8-3295] tying undriven pin trace_data_pipe[7]_inferred:in0[1] to constant 0
WARNING: [Synth 8-3295] tying undriven pin trace_data_pipe[7]_inferred:in0[0] to constant 0
WARNING: [Synth 8-3295] tying undriven pin trace_data_pipe[6]_inferred:in0[31] to constant 0
WARNING: [Synth 8-3295] tying undriven pin trace_data_pipe[6]_inferred:in0[30] to constant 0
WARNING: [Synth 8-3295] tying undriven pin trace_data_pipe[6]_inferred:in0[29] to constant 0
WARNING: [Synth 8-3295] tying undriven pin trace_data_pipe[6]_inferred:in0[28] to constant 0
WARNING: [Synth 8-3295] tying undriven pin trace_data_pipe[6]_inferred:in0[27] to constant 0
WARNING: [Synth 8-3295] tying undriven pin trace_data_pipe[6]_inferred:in0[26] to constant 0
WARNING: [Synth 8-3295] tying undriven pin trace_data_pipe[6]_inferred:in0[25] to constant 0
WARNING: [Synth 8-3295] tying undriven pin trace_data_pipe[6]_inferred:in0[24] to constant 0
WARNING: [Synth 8-3295] tying undriven pin trace_data_pipe[6]_inferred:in0[23] to constant 0
WARNING: [Synth 8-3295] tying undriven pin trace_data_pipe[6]_inferred:in0[22] to constant 0
WARNING: [Synth 8-3295] tying undriven pin trace_data_pipe[6]_inferred:in0[21] to constant 0
WARNING: [Synth 8-3295] tying undriven pin trace_data_pipe[6]_inferred:in0[20] to constant 0
WARNING: [Synth 8-3295] tying undriven pin trace_data_pipe[6]_inferred:in0[19] to constant 0
WARNING: [Synth 8-3295] tying undriven pin trace_data_pipe[6]_inferred:in0[18] to constant 0
WARNING: [Synth 8-3295] tying undriven pin trace_data_pipe[6]_inferred:in0[17] to constant 0
WARNING: [Synth 8-3295] tying undriven pin trace_data_pipe[6]_inferred:in0[16] to constant 0
WARNING: [Synth 8-3295] tying undriven pin trace_data_pipe[6]_inferred:in0[15] to constant 0
WARNING: [Synth 8-3295] tying undriven pin trace_data_pipe[6]_inferred:in0[14] to constant 0
WARNING: [Synth 8-3295] tying undriven pin trace_data_pipe[6]_inferred:in0[13] to constant 0
WARNING: [Synth 8-3295] tying undriven pin trace_data_pipe[6]_inferred:in0[12] to constant 0
WARNING: [Synth 8-3295] tying undriven pin trace_data_pipe[6]_inferred:in0[11] to constant 0
WARNING: [Synth 8-3295] tying undriven pin trace_data_pipe[6]_inferred:in0[10] to constant 0
WARNING: [Synth 8-3295] tying undriven pin trace_data_pipe[6]_inferred:in0[9] to constant 0
WARNING: [Synth 8-3295] tying undriven pin trace_data_pipe[6]_inferred:in0[8] to constant 0
WARNING: [Synth 8-3295] tying undriven pin trace_data_pipe[6]_inferred:in0[7] to constant 0
WARNING: [Synth 8-3295] tying undriven pin trace_data_pipe[6]_inferred:in0[6] to constant 0
WARNING: [Synth 8-3295] tying undriven pin trace_data_pipe[6]_inferred:in0[5] to constant 0
WARNING: [Synth 8-3295] tying undriven pin trace_data_pipe[6]_inferred:in0[4] to constant 0
INFO: [Common 17-14] Message 'Synth 8-3295' appears 100 times and further instances of the messages will be disabled. Use the Tcl command set_msg_config to change the current settings.
WARNING: [Synth 8-5396] Clock pin C has keep related attribute (keep/mark_debug/dont_touch) which could create extra logic on its net [f:/Repository/Vivado/SoC/Sum-IP/Sum-IP.gen/sources_1/bd/design_1/ipshared/4675/hdl/axi_dwidth_converter_v2_1_vlsyn_rfs.v:1812]
WARNING: [Synth 8-5396] Clock pin C has keep related attribute (keep/mark_debug/dont_touch) which could create extra logic on its net [f:/Repository/Vivado/SoC/Sum-IP/Sum-IP.gen/sources_1/bd/design_1/ipshared/4675/hdl/axi_dwidth_converter_v2_1_vlsyn_rfs.v:1812]
WARNING: [Synth 8-5396] Clock pin C has keep related attribute (keep/mark_debug/dont_touch) which could create extra logic on its net [f:/Repository/Vivado/SoC/Sum-IP/Sum-IP.gen/sources_1/bd/design_1/ipshared/4675/hdl/axi_dwidth_converter_v2_1_vlsyn_rfs.v:1812]
WARNING: [Synth 8-5396] Clock pin C has keep related attribute (keep/mark_debug/dont_touch) which could create extra logic on its net [f:/Repository/Vivado/SoC/Sum-IP/Sum-IP.gen/sources_1/bd/design_1/ipshared/4675/hdl/axi_dwidth_converter_v2_1_vlsyn_rfs.v:1812]
WARNING: [Synth 8-5396] Clock pin C has keep related attribute (keep/mark_debug/dont_touch) which could create extra logic on its net [f:/Repository/Vivado/SoC/Sum-IP/Sum-IP.gen/sources_1/bd/design_1/ipshared/4675/hdl/axi_dwidth_converter_v2_1_vlsyn_rfs.v:1812]
WARNING: [Synth 8-5396] Clock pin C has keep related attribute (keep/mark_debug/dont_touch) which could create extra logic on its net [f:/Repository/Vivado/SoC/Sum-IP/Sum-IP.gen/sources_1/bd/design_1/ipshared/4675/hdl/axi_dwidth_converter_v2_1_vlsyn_rfs.v:1812]
WARNING: [Synth 8-5396] Clock pin C has keep related attribute (keep/mark_debug/dont_touch) which could create extra logic on its net [f:/Repository/Vivado/SoC/Sum-IP/Sum-IP.gen/sources_1/bd/design_1/ipshared/4675/hdl/axi_dwidth_converter_v2_1_vlsyn_rfs.v:1812]
WARNING: [Synth 8-5396] Clock pin C has keep related attribute (keep/mark_debug/dont_touch) which could create extra logic on its net [f:/Repository/Vivado/SoC/Sum-IP/Sum-IP.gen/sources_1/bd/design_1/ipshared/4675/hdl/axi_dwidth_converter_v2_1_vlsyn_rfs.v:1812]
WARNING: [Synth 8-5396] Clock pin C has keep related attribute (keep/mark_debug/dont_touch) which could create extra logic on its net [f:/Repository/Vivado/SoC/Sum-IP/Sum-IP.gen/sources_1/bd/design_1/ipshared/4675/hdl/axi_dwidth_converter_v2_1_vlsyn_rfs.v:684]
WARNING: [Synth 8-5396] Clock pin C has keep related attribute (keep/mark_debug/dont_touch) which could create extra logic on its net [f:/Repository/Vivado/SoC/Sum-IP/Sum-IP.gen/sources_1/bd/design_1/ipshared/4675/hdl/axi_dwidth_converter_v2_1_vlsyn_rfs.v:684]
WARNING: [Synth 8-5396] Clock pin C has keep related attribute (keep/mark_debug/dont_touch) which could create extra logic on its net [f:/Repository/Vivado/SoC/Sum-IP/Sum-IP.gen/sources_1/bd/design_1/ipshared/4675/hdl/axi_dwidth_converter_v2_1_vlsyn_rfs.v:684]
WARNING: [Synth 8-5396] Clock pin C has keep related attribute (keep/mark_debug/dont_touch) which could create extra logic on its net [f:/Repository/Vivado/SoC/Sum-IP/Sum-IP.gen/sources_1/bd/design_1/ipshared/4675/hdl/axi_dwidth_converter_v2_1_vlsyn_rfs.v:684]
WARNING: [Synth 8-5396] Clock pin C has keep related attribute (keep/mark_debug/dont_touch) which could create extra logic on its net [f:/Repository/Vivado/SoC/Sum-IP/Sum-IP.gen/sources_1/bd/design_1/ipshared/4675/hdl/axi_dwidth_converter_v2_1_vlsyn_rfs.v:684]
WARNING: [Synth 8-5396] Clock pin C has keep related attribute (keep/mark_debug/dont_touch) which could create extra logic on its net [f:/Repository/Vivado/SoC/Sum-IP/Sum-IP.gen/sources_1/bd/design_1/ipshared/4675/hdl/axi_dwidth_converter_v2_1_vlsyn_rfs.v:684]
WARNING: [Synth 8-5396] Clock pin C has keep related attribute (keep/mark_debug/dont_touch) which could create extra logic on its net [f:/Repository/Vivado/SoC/Sum-IP/Sum-IP.gen/sources_1/bd/design_1/ipshared/4675/hdl/axi_dwidth_converter_v2_1_vlsyn_rfs.v:684]
WARNING: [Synth 8-5396] Clock pin C has keep related attribute (keep/mark_debug/dont_touch) which could create extra logic on its net [f:/Repository/Vivado/SoC/Sum-IP/Sum-IP.gen/sources_1/bd/design_1/ipshared/4675/hdl/axi_dwidth_converter_v2_1_vlsyn_rfs.v:684]
WARNING: [Synth 8-5396] Clock pin C has keep related attribute (keep/mark_debug/dont_touch) which could create extra logic on its net [f:/Repository/Vivado/SoC/Sum-IP/Sum-IP.gen/sources_1/bd/design_1/ipshared/4675/hdl/axi_dwidth_converter_v2_1_vlsyn_rfs.v:1133]
WARNING: [Synth 8-5396] Clock pin C has keep related attribute (keep/mark_debug/dont_touch) which could create extra logic on its net [f:/Repository/Vivado/SoC/Sum-IP/Sum-IP.gen/sources_1/bd/design_1/ipshared/4675/hdl/axi_dwidth_converter_v2_1_vlsyn_rfs.v:1133]
WARNING: [Synth 8-5396] Clock pin C has keep related attribute (keep/mark_debug/dont_touch) which could create extra logic on its net [f:/Repository/Vivado/SoC/Sum-IP/Sum-IP.gen/sources_1/bd/design_1/ipshared/4675/hdl/axi_dwidth_converter_v2_1_vlsyn_rfs.v:1133]
WARNING: [Synth 8-5396] Clock pin C has keep related attribute (keep/mark_debug/dont_touch) which could create extra logic on its net [f:/Repository/Vivado/SoC/Sum-IP/Sum-IP.gen/sources_1/bd/design_1/ipshared/4675/hdl/axi_dwidth_converter_v2_1_vlsyn_rfs.v:1133]
WARNING: [Synth 8-5396] Clock pin C has keep related attribute (keep/mark_debug/dont_touch) which could create extra logic on its net [f:/Repository/Vivado/SoC/Sum-IP/Sum-IP.gen/sources_1/bd/design_1/ipshared/4675/hdl/axi_dwidth_converter_v2_1_vlsyn_rfs.v:1133]
WARNING: [Synth 8-5396] Clock pin C has keep related attribute (keep/mark_debug/dont_touch) which could create extra logic on its net [f:/Repository/Vivado/SoC/Sum-IP/Sum-IP.gen/sources_1/bd/design_1/ipshared/4675/hdl/axi_dwidth_converter_v2_1_vlsyn_rfs.v:1133]
WARNING: [Synth 8-5396] Clock pin C has keep related attribute (keep/mark_debug/dont_touch) which could create extra logic on its net [f:/Repository/Vivado/SoC/Sum-IP/Sum-IP.gen/sources_1/bd/design_1/ipshared/4675/hdl/axi_dwidth_converter_v2_1_vlsyn_rfs.v:1443]
WARNING: [Synth 8-5396] Clock pin C has keep related attribute (keep/mark_debug/dont_touch) which could create extra logic on its net [f:/Repository/Vivado/SoC/Sum-IP/Sum-IP.gen/sources_1/bd/design_1/ipshared/4675/hdl/axi_dwidth_converter_v2_1_vlsyn_rfs.v:1443]
WARNING: [Synth 8-5396] Clock pin C has keep related attribute (keep/mark_debug/dont_touch) which could create extra logic on its net [f:/Repository/Vivado/SoC/Sum-IP/Sum-IP.gen/sources_1/bd/design_1/ipshared/4675/hdl/axi_dwidth_converter_v2_1_vlsyn_rfs.v:1443]
WARNING: [Synth 8-5396] Clock pin C has keep related attribute (keep/mark_debug/dont_touch) which could create extra logic on its net [f:/Repository/Vivado/SoC/Sum-IP/Sum-IP.gen/sources_1/bd/design_1/ipshared/4675/hdl/axi_dwidth_converter_v2_1_vlsyn_rfs.v:1443]
WARNING: [Synth 8-5396] Clock pin C has keep related attribute (keep/mark_debug/dont_touch) which could create extra logic on its net [f:/Repository/Vivado/SoC/Sum-IP/Sum-IP.gen/sources_1/bd/design_1/ipshared/4675/hdl/axi_dwidth_converter_v2_1_vlsyn_rfs.v:1443]
WARNING: [Synth 8-5396] Clock pin C has keep related attribute (keep/mark_debug/dont_touch) which could create extra logic on its net [f:/Repository/Vivado/SoC/Sum-IP/Sum-IP.gen/sources_1/bd/design_1/ipshared/4675/hdl/axi_dwidth_converter_v2_1_vlsyn_rfs.v:1443]
WARNING: [Synth 8-5396] Clock pin C has keep related attribute (keep/mark_debug/dont_touch) which could create extra logic on its net [f:/Repository/Vivado/SoC/Sum-IP/Sum-IP.gen/sources_1/bd/design_1/ipshared/4675/hdl/axi_dwidth_converter_v2_1_vlsyn_rfs.v:1443]
WARNING: [Synth 8-5396] Clock pin C has keep related attribute (keep/mark_debug/dont_touch) which could create extra logic on its net [f:/Repository/Vivado/SoC/Sum-IP/Sum-IP.gen/sources_1/bd/design_1/ipshared/4675/hdl/axi_dwidth_converter_v2_1_vlsyn_rfs.v:1443]
WARNING: [Synth 8-5396] Clock pin C has keep related attribute (keep/mark_debug/dont_touch) which could create extra logic on its net [f:/Repository/Vivado/SoC/Sum-IP/Sum-IP.gen/sources_1/bd/design_1/ipshared/4675/hdl/axi_dwidth_converter_v2_1_vlsyn_rfs.v:684]
WARNING: [Synth 8-5396] Clock pin C has keep related attribute (keep/mark_debug/dont_touch) which could create extra logic on its net [f:/Repository/Vivado/SoC/Sum-IP/Sum-IP.gen/sources_1/bd/design_1/ipshared/4675/hdl/axi_dwidth_converter_v2_1_vlsyn_rfs.v:684]
WARNING: [Synth 8-5396] Clock pin C has keep related attribute (keep/mark_debug/dont_touch) which could create extra logic on its net [f:/Repository/Vivado/SoC/Sum-IP/Sum-IP.gen/sources_1/bd/design_1/ipshared/4675/hdl/axi_dwidth_converter_v2_1_vlsyn_rfs.v:684]
WARNING: [Synth 8-5396] Clock pin C has keep related attribute (keep/mark_debug/dont_touch) which could create extra logic on its net [f:/Repository/Vivado/SoC/Sum-IP/Sum-IP.gen/sources_1/bd/design_1/ipshared/4675/hdl/axi_dwidth_converter_v2_1_vlsyn_rfs.v:684]
WARNING: [Synth 8-5396] Clock pin C has keep related attribute (keep/mark_debug/dont_touch) which could create extra logic on its net [f:/Repository/Vivado/SoC/Sum-IP/Sum-IP.gen/sources_1/bd/design_1/ipshared/4675/hdl/axi_dwidth_converter_v2_1_vlsyn_rfs.v:684]
WARNING: [Synth 8-5396] Clock pin C has keep related attribute (keep/mark_debug/dont_touch) which could create extra logic on its net [f:/Repository/Vivado/SoC/Sum-IP/Sum-IP.gen/sources_1/bd/design_1/ipshared/4675/hdl/axi_dwidth_converter_v2_1_vlsyn_rfs.v:684]
WARNING: [Synth 8-5396] Clock pin C has keep related attribute (keep/mark_debug/dont_touch) which could create extra logic on its net [f:/Repository/Vivado/SoC/Sum-IP/Sum-IP.gen/sources_1/bd/design_1/ipshared/4675/hdl/axi_dwidth_converter_v2_1_vlsyn_rfs.v:684]
WARNING: [Synth 8-5396] Clock pin C has keep related attribute (keep/mark_debug/dont_touch) which could create extra logic on its net [f:/Repository/Vivado/SoC/Sum-IP/Sum-IP.gen/sources_1/bd/design_1/ipshared/4675/hdl/axi_dwidth_converter_v2_1_vlsyn_rfs.v:684]
WARNING: [Synth 8-5396] Clock pin C has keep related attribute (keep/mark_debug/dont_touch) which could create extra logic on its net [f:/Repository/Vivado/SoC/Sum-IP/Sum-IP.gen/sources_1/bd/design_1/ipshared/4675/hdl/axi_dwidth_converter_v2_1_vlsyn_rfs.v:2257]
WARNING: [Synth 8-5396] Clock pin C has keep related attribute (keep/mark_debug/dont_touch) which could create extra logic on its net [f:/Repository/Vivado/SoC/Sum-IP/Sum-IP.gen/sources_1/bd/design_1/ipshared/4675/hdl/axi_dwidth_converter_v2_1_vlsyn_rfs.v:2257]
WARNING: [Synth 8-5396] Clock pin C has keep related attribute (keep/mark_debug/dont_touch) which could create extra logic on its net [f:/Repository/Vivado/SoC/Sum-IP/Sum-IP.gen/sources_1/bd/design_1/ipshared/4675/hdl/axi_dwidth_converter_v2_1_vlsyn_rfs.v:2257]
WARNING: [Synth 8-5396] Clock pin C has keep related attribute (keep/mark_debug/dont_touch) which could create extra logic on its net [f:/Repository/Vivado/SoC/Sum-IP/Sum-IP.gen/sources_1/bd/design_1/ipshared/4675/hdl/axi_dwidth_converter_v2_1_vlsyn_rfs.v:2257]
WARNING: [Synth 8-5396] Clock pin C has keep related attribute (keep/mark_debug/dont_touch) which could create extra logic on its net [f:/Repository/Vivado/SoC/Sum-IP/Sum-IP.gen/sources_1/bd/design_1/ipshared/4675/hdl/axi_dwidth_converter_v2_1_vlsyn_rfs.v:2257]
WARNING: [Synth 8-5396] Clock pin C has keep related attribute (keep/mark_debug/dont_touch) which could create extra logic on its net [f:/Repository/Vivado/SoC/Sum-IP/Sum-IP.gen/sources_1/bd/design_1/ipshared/4675/hdl/axi_dwidth_converter_v2_1_vlsyn_rfs.v:2257]
WARNING: [Synth 8-5396] Clock pin C has keep related attribute (keep/mark_debug/dont_touch) which could create extra logic on its net [f:/Repository/Vivado/SoC/Sum-IP/Sum-IP.gen/sources_1/bd/design_1/ipshared/4675/hdl/axi_dwidth_converter_v2_1_vlsyn_rfs.v:2257]
WARNING: [Synth 8-5396] Clock pin C has keep related attribute (keep/mark_debug/dont_touch) which could create extra logic on its net [f:/Repository/Vivado/SoC/Sum-IP/Sum-IP.gen/sources_1/bd/design_1/ipshared/4675/hdl/axi_dwidth_converter_v2_1_vlsyn_rfs.v:2257]
WARNING: [Synth 8-5396] Clock pin C has keep related attribute (keep/mark_debug/dont_touch) which could create extra logic on its net [f:/Repository/Vivado/SoC/Sum-IP/Sum-IP.gen/sources_1/bd/design_1/ipshared/4675/hdl/axi_dwidth_converter_v2_1_vlsyn_rfs.v:1054]
WARNING: [Synth 8-5396] Clock pin C has keep related attribute (keep/mark_debug/dont_touch) which could create extra logic on its net [f:/Repository/Vivado/SoC/Sum-IP/Sum-IP.gen/sources_1/bd/design_1/ipshared/4675/hdl/axi_dwidth_converter_v2_1_vlsyn_rfs.v:1054]
WARNING: [Synth 8-5396] Clock pin C has keep related attribute (keep/mark_debug/dont_touch) which could create extra logic on its net [f:/Repository/Vivado/SoC/Sum-IP/Sum-IP.gen/sources_1/bd/design_1/ipshared/4675/hdl/axi_dwidth_converter_v2_1_vlsyn_rfs.v:1054]
WARNING: [Synth 8-5396] Clock pin C has keep related attribute (keep/mark_debug/dont_touch) which could create extra logic on its net [f:/Repository/Vivado/SoC/Sum-IP/Sum-IP.gen/sources_1/bd/design_1/ipshared/4675/hdl/axi_dwidth_converter_v2_1_vlsyn_rfs.v:1054]
WARNING: [Synth 8-5396] Clock pin C has keep related attribute (keep/mark_debug/dont_touch) which could create extra logic on its net [f:/Repository/Vivado/SoC/Sum-IP/Sum-IP.gen/sources_1/bd/design_1/ipshared/4675/hdl/axi_dwidth_converter_v2_1_vlsyn_rfs.v:1054]
WARNING: [Synth 8-5396] Clock pin C has keep related attribute (keep/mark_debug/dont_touch) which could create extra logic on its net [f:/Repository/Vivado/SoC/Sum-IP/Sum-IP.gen/sources_1/bd/design_1/ipshared/4675/hdl/axi_dwidth_converter_v2_1_vlsyn_rfs.v:1054]
WARNING: [Synth 8-5396] Clock pin C has keep related attribute (keep/mark_debug/dont_touch) which could create extra logic on its net [f:/Repository/Vivado/SoC/Sum-IP/Sum-IP.gen/sources_1/bd/design_1/ipshared/4675/hdl/axi_dwidth_converter_v2_1_vlsyn_rfs.v:1894]
WARNING: [Synth 8-5396] Clock pin C has keep related attribute (keep/mark_debug/dont_touch) which could create extra logic on its net [f:/Repository/Vivado/SoC/Sum-IP/Sum-IP.gen/sources_1/bd/design_1/ipshared/4675/hdl/axi_dwidth_converter_v2_1_vlsyn_rfs.v:1894]
WARNING: [Synth 8-5396] Clock pin C has keep related attribute (keep/mark_debug/dont_touch) which could create extra logic on its net [f:/Repository/Vivado/SoC/Sum-IP/Sum-IP.gen/sources_1/bd/design_1/ipshared/4675/hdl/axi_dwidth_converter_v2_1_vlsyn_rfs.v:1914]
WARNING: [Synth 8-5396] Clock pin C has keep related attribute (keep/mark_debug/dont_touch) which could create extra logic on its net [f:/Repository/Vivado/SoC/Sum-IP/Sum-IP.gen/sources_1/bd/design_1/ipshared/4675/hdl/axi_dwidth_converter_v2_1_vlsyn_rfs.v:1914]
WARNING: [Synth 8-5396] Clock pin C has keep related attribute (keep/mark_debug/dont_touch) which could create extra logic on its net [f:/Repository/Vivado/SoC/Sum-IP/Sum-IP.gen/sources_1/bd/design_1/ipshared/4675/hdl/axi_dwidth_converter_v2_1_vlsyn_rfs.v:1914]
WARNING: [Synth 8-5396] Clock pin C has keep related attribute (keep/mark_debug/dont_touch) which could create extra logic on its net [f:/Repository/Vivado/SoC/Sum-IP/Sum-IP.gen/sources_1/bd/design_1/ipshared/4675/hdl/axi_dwidth_converter_v2_1_vlsyn_rfs.v:1914]
WARNING: [Synth 8-5396] Clock pin C has keep related attribute (keep/mark_debug/dont_touch) which could create extra logic on its net [f:/Repository/Vivado/SoC/Sum-IP/Sum-IP.gen/sources_1/bd/design_1/ipshared/4675/hdl/axi_dwidth_converter_v2_1_vlsyn_rfs.v:1914]
WARNING: [Synth 8-5396] Clock pin C has keep related attribute (keep/mark_debug/dont_touch) which could create extra logic on its net [f:/Repository/Vivado/SoC/Sum-IP/Sum-IP.gen/sources_1/bd/design_1/ipshared/4675/hdl/axi_dwidth_converter_v2_1_vlsyn_rfs.v:1914]
WARNING: [Synth 8-5396] Clock pin C has keep related attribute (keep/mark_debug/dont_touch) which could create extra logic on its net [f:/Repository/Vivado/SoC/Sum-IP/Sum-IP.gen/sources_1/bd/design_1/ipshared/4675/hdl/axi_dwidth_converter_v2_1_vlsyn_rfs.v:1914]
WARNING: [Synth 8-5396] Clock pin C has keep related attribute (keep/mark_debug/dont_touch) which could create extra logic on its net [f:/Repository/Vivado/SoC/Sum-IP/Sum-IP.gen/sources_1/bd/design_1/ipshared/4675/hdl/axi_dwidth_converter_v2_1_vlsyn_rfs.v:1914]
WARNING: [Synth 8-5396] Clock pin C has keep related attribute (keep/mark_debug/dont_touch) which could create extra logic on its net [f:/Repository/Vivado/SoC/Sum-IP/Sum-IP.gen/sources_1/bd/design_1/ipshared/4675/hdl/axi_dwidth_converter_v2_1_vlsyn_rfs.v:1914]
WARNING: [Synth 8-5396] Clock pin C has keep related attribute (keep/mark_debug/dont_touch) which could create extra logic on its net [f:/Repository/Vivado/SoC/Sum-IP/Sum-IP.gen/sources_1/bd/design_1/ipshared/4675/hdl/axi_dwidth_converter_v2_1_vlsyn_rfs.v:1914]
WARNING: [Synth 8-5396] Clock pin C has keep related attribute (keep/mark_debug/dont_touch) which could create extra logic on its net [f:/Repository/Vivado/SoC/Sum-IP/Sum-IP.gen/sources_1/bd/design_1/ipshared/4675/hdl/axi_dwidth_converter_v2_1_vlsyn_rfs.v:1914]
WARNING: [Synth 8-5396] Clock pin C has keep related attribute (keep/mark_debug/dont_touch) which could create extra logic on its net [f:/Repository/Vivado/SoC/Sum-IP/Sum-IP.gen/sources_1/bd/design_1/ipshared/4675/hdl/axi_dwidth_converter_v2_1_vlsyn_rfs.v:1914]
WARNING: [Synth 8-5396] Clock pin C has keep related attribute (keep/mark_debug/dont_touch) which could create extra logic on its net [f:/Repository/Vivado/SoC/Sum-IP/Sum-IP.gen/sources_1/bd/design_1/ipshared/4675/hdl/axi_dwidth_converter_v2_1_vlsyn_rfs.v:1914]
WARNING: [Synth 8-5396] Clock pin C has keep related attribute (keep/mark_debug/dont_touch) which could create extra logic on its net [f:/Repository/Vivado/SoC/Sum-IP/Sum-IP.gen/sources_1/bd/design_1/ipshared/4675/hdl/axi_dwidth_converter_v2_1_vlsyn_rfs.v:1914]
WARNING: [Synth 8-5396] Clock pin C has keep related attribute (keep/mark_debug/dont_touch) which could create extra logic on its net [f:/Repository/Vivado/SoC/Sum-IP/Sum-IP.gen/sources_1/bd/design_1/ipshared/4675/hdl/axi_dwidth_converter_v2_1_vlsyn_rfs.v:1914]
WARNING: [Synth 8-5396] Clock pin C has keep related attribute (keep/mark_debug/dont_touch) which could create extra logic on its net [f:/Repository/Vivado/SoC/Sum-IP/Sum-IP.gen/sources_1/bd/design_1/ipshared/4675/hdl/axi_dwidth_converter_v2_1_vlsyn_rfs.v:1914]
WARNING: [Synth 8-5396] Clock pin C has keep related attribute (keep/mark_debug/dont_touch) which could create extra logic on its net [f:/Repository/Vivado/SoC/Sum-IP/Sum-IP.gen/sources_1/bd/design_1/ipshared/4675/hdl/axi_dwidth_converter_v2_1_vlsyn_rfs.v:1914]
WARNING: [Synth 8-5396] Clock pin C has keep related attribute (keep/mark_debug/dont_touch) which could create extra logic on its net [f:/Repository/Vivado/SoC/Sum-IP/Sum-IP.gen/sources_1/bd/design_1/ipshared/4675/hdl/axi_dwidth_converter_v2_1_vlsyn_rfs.v:1914]
WARNING: [Synth 8-5396] Clock pin C has keep related attribute (keep/mark_debug/dont_touch) which could create extra logic on its net [f:/Repository/Vivado/SoC/Sum-IP/Sum-IP.gen/sources_1/bd/design_1/ipshared/4675/hdl/axi_dwidth_converter_v2_1_vlsyn_rfs.v:1914]
WARNING: [Synth 8-5396] Clock pin C has keep related attribute (keep/mark_debug/dont_touch) which could create extra logic on its net [f:/Repository/Vivado/SoC/Sum-IP/Sum-IP.gen/sources_1/bd/design_1/ipshared/4675/hdl/axi_dwidth_converter_v2_1_vlsyn_rfs.v:1914]
WARNING: [Synth 8-5396] Clock pin C has keep related attribute (keep/mark_debug/dont_touch) which could create extra logic on its net [f:/Repository/Vivado/SoC/Sum-IP/Sum-IP.gen/sources_1/bd/design_1/ipshared/4675/hdl/axi_dwidth_converter_v2_1_vlsyn_rfs.v:1914]
WARNING: [Synth 8-5396] Clock pin C has keep related attribute (keep/mark_debug/dont_touch) which could create extra logic on its net [f:/Repository/Vivado/SoC/Sum-IP/Sum-IP.gen/sources_1/bd/design_1/ipshared/4675/hdl/axi_dwidth_converter_v2_1_vlsyn_rfs.v:1914]
WARNING: [Synth 8-5396] Clock pin C has keep related attribute (keep/mark_debug/dont_touch) which could create extra logic on its net [f:/Repository/Vivado/SoC/Sum-IP/Sum-IP.gen/sources_1/bd/design_1/ipshared/4675/hdl/axi_dwidth_converter_v2_1_vlsyn_rfs.v:1914]
WARNING: [Synth 8-5396] Clock pin C has keep related attribute (keep/mark_debug/dont_touch) which could create extra logic on its net [f:/Repository/Vivado/SoC/Sum-IP/Sum-IP.gen/sources_1/bd/design_1/ipshared/4675/hdl/axi_dwidth_converter_v2_1_vlsyn_rfs.v:1914]
WARNING: [Synth 8-5396] Clock pin C has keep related attribute (keep/mark_debug/dont_touch) which could create extra logic on its net [f:/Repository/Vivado/SoC/Sum-IP/Sum-IP.gen/sources_1/bd/design_1/ipshared/4675/hdl/axi_dwidth_converter_v2_1_vlsyn_rfs.v:1914]
WARNING: [Synth 8-5396] Clock pin C has keep related attribute (keep/mark_debug/dont_touch) which could create extra logic on its net [f:/Repository/Vivado/SoC/Sum-IP/Sum-IP.gen/sources_1/bd/design_1/ipshared/4675/hdl/axi_dwidth_converter_v2_1_vlsyn_rfs.v:1914]
WARNING: [Synth 8-5396] Clock pin C has keep related attribute (keep/mark_debug/dont_touch) which could create extra logic on its net [f:/Repository/Vivado/SoC/Sum-IP/Sum-IP.gen/sources_1/bd/design_1/ipshared/4675/hdl/axi_dwidth_converter_v2_1_vlsyn_rfs.v:1914]
WARNING: [Synth 8-5396] Clock pin C has keep related attribute (keep/mark_debug/dont_touch) which could create extra logic on its net [f:/Repository/Vivado/SoC/Sum-IP/Sum-IP.gen/sources_1/bd/design_1/ipshared/4675/hdl/axi_dwidth_converter_v2_1_vlsyn_rfs.v:1914]
WARNING: [Synth 8-5396] Clock pin C has keep related attribute (keep/mark_debug/dont_touch) which could create extra logic on its net [f:/Repository/Vivado/SoC/Sum-IP/Sum-IP.gen/sources_1/bd/design_1/ipshared/4675/hdl/axi_dwidth_converter_v2_1_vlsyn_rfs.v:1914]
WARNING: [Synth 8-5396] Clock pin C has keep related attribute (keep/mark_debug/dont_touch) which could create extra logic on its net [f:/Repository/Vivado/SoC/Sum-IP/Sum-IP.gen/sources_1/bd/design_1/ipshared/4675/hdl/axi_dwidth_converter_v2_1_vlsyn_rfs.v:1914]
WARNING: [Synth 8-5396] Clock pin C has keep related attribute (keep/mark_debug/dont_touch) which could create extra logic on its net [f:/Repository/Vivado/SoC/Sum-IP/Sum-IP.gen/sources_1/bd/design_1/ipshared/4675/hdl/axi_dwidth_converter_v2_1_vlsyn_rfs.v:1914]
WARNING: [Synth 8-5396] Clock pin C has keep related attribute (keep/mark_debug/dont_touch) which could create extra logic on its net [f:/Repository/Vivado/SoC/Sum-IP/Sum-IP.gen/sources_1/bd/design_1/ipshared/4675/hdl/axi_dwidth_converter_v2_1_vlsyn_rfs.v:1914]
WARNING: [Synth 8-5396] Clock pin C has keep related attribute (keep/mark_debug/dont_touch) which could create extra logic on its net [f:/Repository/Vivado/SoC/Sum-IP/Sum-IP.gen/sources_1/bd/design_1/ipshared/4675/hdl/axi_dwidth_converter_v2_1_vlsyn_rfs.v:1914]
WARNING: [Synth 8-5396] Clock pin C has keep related attribute (keep/mark_debug/dont_touch) which could create extra logic on its net [f:/Repository/Vivado/SoC/Sum-IP/Sum-IP.gen/sources_1/bd/design_1/ipshared/4675/hdl/axi_dwidth_converter_v2_1_vlsyn_rfs.v:1914]
WARNING: [Synth 8-5396] Clock pin C has keep related attribute (keep/mark_debug/dont_touch) which could create extra logic on its net [f:/Repository/Vivado/SoC/Sum-IP/Sum-IP.gen/sources_1/bd/design_1/ipshared/4675/hdl/axi_dwidth_converter_v2_1_vlsyn_rfs.v:1914]
WARNING: [Synth 8-5396] Clock pin C has keep related attribute (keep/mark_debug/dont_touch) which could create extra logic on its net [f:/Repository/Vivado/SoC/Sum-IP/Sum-IP.gen/sources_1/bd/design_1/ipshared/4675/hdl/axi_dwidth_converter_v2_1_vlsyn_rfs.v:1914]
WARNING: [Synth 8-5396] Clock pin C has keep related attribute (keep/mark_debug/dont_touch) which could create extra logic on its net [f:/Repository/Vivado/SoC/Sum-IP/Sum-IP.gen/sources_1/bd/design_1/ipshared/4675/hdl/axi_dwidth_converter_v2_1_vlsyn_rfs.v:1914]
WARNING: [Synth 8-5396] Clock pin C has keep related attribute (keep/mark_debug/dont_touch) which could create extra logic on its net [f:/Repository/Vivado/SoC/Sum-IP/Sum-IP.gen/sources_1/bd/design_1/ipshared/4675/hdl/axi_dwidth_converter_v2_1_vlsyn_rfs.v:1914]
WARNING: [Synth 8-5396] Clock pin C has keep related attribute (keep/mark_debug/dont_touch) which could create extra logic on its net [f:/Repository/Vivado/SoC/Sum-IP/Sum-IP.gen/sources_1/bd/design_1/ipshared/4675/hdl/axi_dwidth_converter_v2_1_vlsyn_rfs.v:1914]
WARNING: [Synth 8-5396] Clock pin C has keep related attribute (keep/mark_debug/dont_touch) which could create extra logic on its net [f:/Repository/Vivado/SoC/Sum-IP/Sum-IP.gen/sources_1/bd/design_1/ipshared/4675/hdl/axi_dwidth_converter_v2_1_vlsyn_rfs.v:1914]
WARNING: [Synth 8-5396] Clock pin C has keep related attribute (keep/mark_debug/dont_touch) which could create extra logic on its net [f:/Repository/Vivado/SoC/Sum-IP/Sum-IP.gen/sources_1/bd/design_1/ipshared/4675/hdl/axi_dwidth_converter_v2_1_vlsyn_rfs.v:1914]
WARNING: [Synth 8-5396] Clock pin C has keep related attribute (keep/mark_debug/dont_touch) which could create extra logic on its net [f:/Repository/Vivado/SoC/Sum-IP/Sum-IP.gen/sources_1/bd/design_1/ipshared/4675/hdl/axi_dwidth_converter_v2_1_vlsyn_rfs.v:1914]
WARNING: [Synth 8-5396] Clock pin C has keep related attribute (keep/mark_debug/dont_touch) which could create extra logic on its net [f:/Repository/Vivado/SoC/Sum-IP/Sum-IP.gen/sources_1/bd/design_1/ipshared/4675/hdl/axi_dwidth_converter_v2_1_vlsyn_rfs.v:1914]
WARNING: [Synth 8-5396] Clock pin C has keep related attribute (keep/mark_debug/dont_touch) which could create extra logic on its net [f:/Repository/Vivado/SoC/Sum-IP/Sum-IP.gen/sources_1/bd/design_1/ipshared/4675/hdl/axi_dwidth_converter_v2_1_vlsyn_rfs.v:1914]
WARNING: [Synth 8-5396] Clock pin C has keep related attribute (keep/mark_debug/dont_touch) which could create extra logic on its net [f:/Repository/Vivado/SoC/Sum-IP/Sum-IP.gen/sources_1/bd/design_1/ipshared/4675/hdl/axi_dwidth_converter_v2_1_vlsyn_rfs.v:1914]
WARNING: [Synth 8-5396] Clock pin C has keep related attribute (keep/mark_debug/dont_touch) which could create extra logic on its net [f:/Repository/Vivado/SoC/Sum-IP/Sum-IP.gen/sources_1/bd/design_1/ipshared/4675/hdl/axi_dwidth_converter_v2_1_vlsyn_rfs.v:1914]
INFO: [Common 17-14] Message 'Synth 8-5396' appears 100 times and further instances of the messages will be disabled. Use the Tcl command set_msg_config to change the current settings.
---------------------------------------------------------------------------------
Finished IO Insertion : Time (s): cpu = 00:01:53 ; elapsed = 00:01:59 . Memory (MB): peak = 3619.977 ; gain = 2153.465
---------------------------------------------------------------------------------
---------------------------------------------------------------------------------
Start Renaming Generated Instances
---------------------------------------------------------------------------------
---------------------------------------------------------------------------------
Finished Renaming Generated Instances : Time (s): cpu = 00:01:53 ; elapsed = 00:01:59 . Memory (MB): peak = 3619.977 ; gain = 2153.465
---------------------------------------------------------------------------------
---------------------------------------------------------------------------------
Start Rebuilding User Hierarchy
---------------------------------------------------------------------------------
---------------------------------------------------------------------------------
Finished Rebuilding User Hierarchy : Time (s): cpu = 00:01:54 ; elapsed = 00:01:59 . Memory (MB): peak = 3619.977 ; gain = 2153.465
---------------------------------------------------------------------------------
---------------------------------------------------------------------------------
Start Renaming Generated Ports
---------------------------------------------------------------------------------
---------------------------------------------------------------------------------
Finished Renaming Generated Ports : Time (s): cpu = 00:01:54 ; elapsed = 00:01:59 . Memory (MB): peak = 3619.977 ; gain = 2153.465
---------------------------------------------------------------------------------
---------------------------------------------------------------------------------
Start Handling Custom Attributes
---------------------------------------------------------------------------------
---------------------------------------------------------------------------------
Finished Handling Custom Attributes : Time (s): cpu = 00:01:54 ; elapsed = 00:02:00 . Memory (MB): peak = 3619.977 ; gain = 2153.465
---------------------------------------------------------------------------------
---------------------------------------------------------------------------------
Start Renaming Generated Nets
---------------------------------------------------------------------------------
---------------------------------------------------------------------------------
Finished Renaming Generated Nets : Time (s): cpu = 00:01:54 ; elapsed = 00:02:00 . Memory (MB): peak = 3619.977 ; gain = 2153.465
---------------------------------------------------------------------------------
---------------------------------------------------------------------------------
Start ROM, RAM, DSP, Shift Register and Retiming Reporting
---------------------------------------------------------------------------------

Dynamic Shift Register Report:
+------------+----------------+--------+------------+--------+---------+--------+--------+--------+
|Module Name | RTL Name       | Length | Data Width | SRL16E | SRLC32E | Mux F7 | Mux F8 | Mux F9 | 
+------------+----------------+--------+------------+--------+---------+--------+--------+--------+
|dsrl        | memory_reg[3]  | 9      | 9          | 9      | 0       | 0      | 0      | 0      | 
|dsrl__1     | memory_reg[3]  | 2      | 2          | 2      | 0       | 0      | 0      | 0      | 
|dsrl__2     | memory_reg[31] | 34     | 34         | 0      | 34      | 0      | 0      | 0      | 
|dsrl__3     | memory_reg[31] | 2      | 2          | 0      | 2       | 0      | 0      | 0      | 
+------------+----------------+--------+------------+--------+---------+--------+--------+--------+

---------------------------------------------------------------------------------
Finished ROM, RAM, DSP, Shift Register and Retiming Reporting
---------------------------------------------------------------------------------
---------------------------------------------------------------------------------
Start Writing Synthesis Report
---------------------------------------------------------------------------------

DSP Final Report (the ' indicates corresponding REG is set)
+--------------------------------+-------------+--------+--------+--------+--------+--------+------+------+------+------+-------+------+------+
|Module Name                     | DSP Mapping | A Size | B Size | C Size | D Size | P Size | AREG | BREG | CREG | DREG | ADREG | MREG | PREG | 
+--------------------------------+-------------+--------+--------+--------+--------+--------+------+------+------+------+-------+------+------+
|design_1_MY_IP_v1_0_S00_AXI_0_0 | D+A*B       | 1      | 11     | -      | 11     | 22     | 0    | 0    | -    | 0    | 0     | 0    | 0    | 
+--------------------------------+-------------+--------+--------+--------+--------+--------+------+------+------+------+-------+------+------+


Report BlackBoxes: 
+-+--------------+----------+
| |BlackBox name |Instances |
+-+--------------+----------+
+-+--------------+----------+

Report Cell Usage: 
+------+----------------+------+
|      |Cell            |Count |
+------+----------------+------+
|1     |BUFG_PS         |     2|
|2     |CARRY8          |    20|
|3     |DSP_ALU         |     1|
|4     |DSP_A_B_DATA    |     1|
|5     |DSP_C_DATA      |     1|
|6     |DSP_MULTIPLIER  |     1|
|7     |DSP_M_DATA      |     1|
|8     |DSP_OUTPUT      |     1|
|9     |DSP_PREADD      |     1|
|10    |DSP_PREADD_DATA |     1|
|11    |LUT1            |   385|
|12    |LUT2            |   270|
|13    |LUT3            |   499|
|14    |LUT4            |   371|
|15    |LUT5            |   746|
|16    |LUT6            |  1099|
|17    |MUXF7           |     8|
|18    |PS8             |     1|
|19    |RAM32M16        |    10|
|20    |RAM32X1D        |     4|
|21    |SRL16           |     1|
|22    |SRL16E          |    20|
|23    |SRLC32E         |    70|
|24    |FDCE            |   172|
|25    |FDPE            |    66|
|26    |FDR             |     8|
|27    |FDRE            |  2710|
|28    |FDSE            |    47|
+------+----------------+------+
---------------------------------------------------------------------------------
Finished Writing Synthesis Report : Time (s): cpu = 00:01:54 ; elapsed = 00:02:00 . Memory (MB): peak = 3619.977 ; gain = 2153.465
---------------------------------------------------------------------------------
Synthesis finished with 0 errors, 0 critical warnings and 5599 warnings.
Synthesis Optimization Runtime : Time (s): cpu = 00:01:15 ; elapsed = 00:01:47 . Memory (MB): peak = 3619.977 ; gain = 2041.062
Synthesis Optimization Complete : Time (s): cpu = 00:01:54 ; elapsed = 00:02:00 . Memory (MB): peak = 3619.977 ; gain = 2153.465
INFO: [Project 1-571] Translating synthesized netlist
Netlist sorting complete. Time (s): cpu = 00:00:01 ; elapsed = 00:00:00.358 . Memory (MB): peak = 3619.977 ; gain = 0.000
INFO: [Netlist 29-17] Analyzing 52 Unisim elements for replacement
INFO: [Netlist 29-28] Unisim Transformation completed in 0 CPU seconds
INFO: [Project 1-570] Preparing netlist for logic optimization
INFO: [Opt 31-138] Pushed 0 inverter(s) to 0 load pin(s).
Netlist sorting complete. Time (s): cpu = 00:00:00 ; elapsed = 00:00:00.003 . Memory (MB): peak = 3640.637 ; gain = 0.000
INFO: [Project 1-111] Unisim Transformation Summary:
  A total of 24 instances were transformed.
  DSP48E2 => DSP48E2 (DSP_ALU, DSP_A_B_DATA, DSP_C_DATA, DSP_MULTIPLIER, DSP_M_DATA, DSP_OUTPUT, DSP_PREADD, DSP_PREADD_DATA): 1 instance 
  FDR => FDRE: 8 instances
  RAM32M16 => RAM32M16 (RAMD32(x14), RAMS32(x2)): 10 instances
  RAM32X1D => RAM32X1D (RAMD32(x2)): 4 instances
  SRL16 => SRL16E: 1 instance 

Synth Design complete, checksum: 4c2b5ccb
INFO: [Common 17-83] Releasing license: Synthesis
230 Infos, 412 Warnings, 0 Critical Warnings and 0 Errors encountered.
synth_design completed successfully
synth_design: Time (s): cpu = 00:02:08 ; elapsed = 00:02:15 . Memory (MB): peak = 3640.637 ; gain = 3165.922
INFO: [Common 17-1381] The checkpoint 'F:/Repository/Vivado/SoC/Sum-IP/Sum-IP.runs/synth_1/design_1_wrapper.dcp' has been generated.
INFO: [runtcl-4] Executing : report_utilization -file design_1_wrapper_utilization_synth.rpt -pb design_1_wrapper_utilization_synth.pb
INFO: [Common 17-206] Exiting Vivado at Mon Apr 14 16:35:12 2025...
